crop,year,state_fips,county_fips,county_name,predicted_yield_bu_acre,predicted_yield_low,predicted_yield_high,confidence_mae,coverage_tier,crop_pixel_coverage,historical_avg_yield,delta_vs_historical,pct_vs_historical
corn,2026,31,137,Phelps,191.37620025666155,178.14441502937873,204.60798548394436,13.231785227282815,high,17547.0,216.05625,-24.680049743338458,-11.422974222378874
corn,2026,19,035,Cherokee,182.39144791461425,169.15966268733143,195.62323314189706,13.231785227282815,high,13676.0,198.32,-15.928552085385746,-8.03174268121508
corn,2026,31,099,Kearney,192.52975229680655,179.29796706952374,205.76153752408936,13.231785227282815,high,16294.0,203.96666666666667,-11.43691436986012,-5.607246790256636
corn,2026,31,047,Dawson,191.44793979131114,178.21615456402833,204.67972501859396,13.231785227282815,high,19595.0,202.14615384615385,-10.698214054842708,-5.292316401421485
corn,2026,31,029,Chase,160.85240551139313,147.62062028411032,174.08419073867594,13.231785227282815,high,14106.0,168.6875,-7.83509448860687,-4.644739230000368
corn,2026,17,113,McLean,195.0952127704185,181.86342754313569,208.3269979977013,13.231785227282815,high,28564.0,204.1625,-9.067287229581495,-4.441210912670787
corn,2026,17,041,Douglas,190.39972008025484,177.16793485297202,203.63150530753765,13.231785227282815,high,10288.0,199.13333333333333,-8.733613253078488,-4.385811811053811
corn,2026,31,183,Wheeler,190.21066841578772,176.9788831885049,203.44245364307054,13.231785227282815,medium,3541.0,198.48333333333335,-8.272664917545626,-4.167939332040788
corn,2026,31,165,Sioux,163.07698938293066,149.84520415564785,176.30877461021348,13.231785227282815,medium,1512.0,170.15384615384616,-7.076856770915498,-4.159093038964804
corn,2026,17,179,Tazewell,196.86300466513575,183.63121943785293,210.09478989241856,13.231785227282815,high,13022.0,205.33125,-8.468245334864264,-4.124187299723867
corn,2026,19,149,Plymouth,181.8936348805369,168.66184965325408,195.1254201078197,13.231785227282815,high,22272.0,188.35,-6.456365119463101,-3.427855120500717
corn,2026,17,021,Christian,191.2361278363658,178.00434260908298,204.4679130636486,13.231785227282815,high,17595.0,197.32142857142858,-6.085300735062788,-3.0839533136969783
corn,2026,17,203,Woodford,196.5648077699755,183.33302254269267,209.7965929972583,13.231785227282815,high,10955.0,202.56666666666666,-6.001858896691175,-2.9629054944995104
corn,2026,19,141,O'Brien,193.82409517946346,180.59230995218064,207.05588040674627,13.231785227282815,high,16098.0,199.58125,-5.757154820536556,-2.8846170772738198
corn,2026,31,019,Buffalo,190.05653383748322,176.8247486102004,203.28831906476603,13.231785227282815,high,20242.0,194.76666666666668,-4.710132829183465,-2.418346480840389
corn,2026,17,115,Macon,202.3376625762454,189.1058773489626,215.56944780352822,13.231785227282815,high,12558.0,206.68125,-4.343587423754599,-2.1015875526950794
corn,2026,31,081,Hamilton,207.75771979123857,194.52593456395576,220.98950501852138,13.231785227282815,high,19389.0,212.2133333333333,-4.4556135420947385,-2.0995917043045074
corn,2026,19,143,Osceola,190.12149122752277,176.88970600023995,203.35327645480558,13.231785227282815,high,11113.0,194.09333333333333,-3.971842105810566,-2.0463567901064263
corn,2026,17,167,Sangamon,201.60893483116834,188.37714960388553,214.84072005845115,13.231785227282815,high,19031.0,205.78125,-4.172315168831659,-2.027548753266714
corn,2026,17,143,Peoria,199.75407816693928,186.52229293965647,212.9858633942221,13.231785227282815,high,10148.0,203.575,-3.8209218330607087,-1.8769111300801713
corn,2026,19,167,Sioux,194.13599289358524,180.90420766630243,207.36777812086805,13.231785227282815,high,23747.0,197.71428571428572,-3.578292820700483,-1.809830183880302
corn,2026,19,093,Ida,199.38171736692445,186.14993213964163,212.61350259420726,13.231785227282815,high,12204.0,202.58666666666667,-3.204949299742225,-1.58201393629503
corn,2026,17,015,Carroll,207.42962410533303,194.19783887805022,220.66140933261585,13.231785227282815,high,12292.0,210.3,-2.870375894666978,-1.3648958129657527
corn,2026,17,175,Stark,208.4961822999692,195.2643970726864,221.72796752725202,13.231785227282815,high,7818.0,211.3125,-2.816317700030794,-1.332773830242316
corn,2026,31,003,Antelope,190.42795761558935,177.19617238830654,203.65974284287216,13.231785227282815,high,20587.0,192.81,-2.382042384410653,-1.2354350834555536
corn,2026,17,139,Moultrie,196.05825496694555,182.82646973966274,209.29004019422837,13.231785227282815,high,7942.0,198.46,-2.4017450330544534,-1.2101909871281131
corn,2026,17,147,Piatt,205.0422817432278,191.81049651594498,218.2740669705106,13.231785227282815,high,11356.0,207.19375,-2.1514682567722048,-1.0383847277112388
corn,2026,17,187,Warren,201.0880141815427,187.85622895425988,214.3197994088255,13.231785227282815,high,13640.0,202.775,-1.686985818457316,-0.8319496084119423
corn,2026,31,013,Box Butte,150.30060788054817,137.06882265326536,163.53239310783098,13.231785227282815,high,7749.0,151.275,-0.974392119451835,-0.6441197286080549
corn,2026,17,129,Menard,197.68405132788575,184.45226610060294,210.91583655516857,13.231785227282815,high,6990.0,198.77692307692308,-1.0928717490373288,-0.5497981013693461
corn,2026,31,001,Adams,198.54748848830351,185.3157032610207,211.77927371558633,13.231785227282815,high,17354.0,199.53333333333333,-0.985844845029817,-0.49407526479944053
corn,2026,17,095,Knox,205.04944990550914,191.81766467822632,218.28123513279195,13.231785227282815,high,14455.0,205.5375,-0.488050094490859,-0.23745063284843837
corn,2026,31,161,Sheridan,149.6834423483971,136.4516571211143,162.91522757567992,13.231785227282815,medium,3541.0,149.8153846153846,-0.1319422669874939,-0.08806990505429353
corn,2026,31,017,Brown,201.56783390398598,188.33604867670317,214.7996191312688,13.231785227282815,medium,4016.0,201.06923076923078,0.4986031347552,0.24797585033159644
corn,2026,19,119,Lyon,194.63111965578443,181.39933442850162,207.86290488306724,13.231785227282815,high,17477.0,194.02666666666667,0.6044529891177604,0.3115308836162179
corn,2026,31,079,Hall,198.7932710400076,185.56148581272478,212.0250562672904,13.231785227282815,high,17172.0,197.82666666666668,0.966604373340914,0.48861176788143523
corn,2026,17,107,Logan,200.29734250241594,187.06555727513313,213.52912772969876,13.231785227282815,high,15679.0,198.92666666666668,1.3706758357492674,0.6890357430288887
corn,2026,19,061,Dubuque,202.5429656441557,189.31118041687287,215.7747508714385,13.231785227282815,high,14632.0,200.88125,1.6617156441556915,0.8272129151703763
corn,2026,17,105,Livingston,193.22393721226345,179.99215198498064,206.45572243954626,13.231785227282815,high,26087.0,191.60625,1.617687212263462,0.8442768501880612
corn,2026,17,039,De Witt,201.35275075774453,188.12096553046172,214.58453598502734,13.231785227282815,high,9209.0,198.64545454545453,2.7072962122900037,1.362878510603178
corn,2026,31,123,Morrill,168.95220729846366,155.72042207118085,182.18399252574648,13.231785227282815,high,6713.0,166.4375,2.5147072984636623,1.5109018691482763
corn,2026,31,089,Holt,198.75733081794462,185.5255455906618,211.98911604522743,13.231785227282815,high,16714.0,195.62307692307692,3.1342538948676975,1.602190265159847
corn,2026,31,139,Pierce,185.83495071050558,172.60316548322277,199.0667359377884,13.231785227282815,high,14501.0,182.9,2.934950710505575,1.604675074087247
corn,2026,31,157,Scotts Bluff,168.16513049106172,154.9333452637789,181.39691571834453,13.231785227282815,high,7760.0,165.50666666666666,2.6584638243950565,1.6062578492679387
corn,2026,31,027,Cedar,187.12470874431477,173.89292351703196,200.3564939715976,13.231785227282815,high,18090.0,183.69375,3.430958744314779,1.8677601956053373
corn,2026,31,185,York,208.12142725731368,194.88964203003087,221.3532124845965,13.231785227282815,high,20663.0,204.04615384615383,4.075273411159856,1.997231182427736
corn,2026,17,161,Rock Island,207.66640998112388,194.43462475384106,220.8981952084067,13.231785227282815,high,6711.0,203.53076923076924,4.135640750354639,2.0319486660346313
corn,2026,31,101,Keith,158.28176086173477,145.04997563445195,171.51354608901758,13.231785227282815,high,12155.0,155.04615384615383,3.235607015580939,2.086866997546746
corn,2026,17,183,Vermilion,193.5480853311109,180.3163001038281,206.77987055839372,13.231785227282815,high,19765.0,189.52,4.028085331110901,2.125414379015883
corn,2026,17,123,Marshall,204.1925307639026,190.96074553661978,217.4243159911854,13.231785227282815,high,8876.0,199.2642857142857,4.928245049616891,2.4732204428661317
corn,2026,31,031,Cherry,183.5827897558841,170.3510045286013,196.81457498316692,13.231785227282815,medium,1636.0,179.02222222222224,4.560567533661867,2.5474868298756705
corn,2026,31,073,Gosper,188.8844905243355,175.65270529705268,202.1162757516183,13.231785227282815,high,8737.0,184.025,4.8594905243354845,2.640668672373582
corn,2026,17,137,Morgan,197.95528789709084,184.72350266980803,211.18707312437365,13.231785227282815,high,11699.0,192.65,5.305287897090835,2.753847857301238
corn,2026,31,059,Fillmore,199.3811188808506,186.1493336535678,212.61290410813342,13.231785227282815,high,17756.0,193.3857142857143,5.995404595136307,3.10023137814539
corn,2026,17,029,Coles,199.2527810188408,186.020995791558,212.48456624612362,13.231785227282815,high,10569.0,193.22142857142856,6.031352447412246,3.121471822253205
corn,2026,19,045,Clinton,204.1200823143777,190.88829708709488,217.3518675416605,13.231785227282815,high,18029.0,197.5375,6.582582314377703,3.3323203515169033
corn,2026,31,057,Dundy,157.62241309730544,144.39062787002263,170.85419832458825,13.231785227282815,high,8091.0,152.38666666666668,5.2357464306387556,3.435829751491002
corn,2026,19,055,Delaware,205.8057502431477,192.5739650158649,219.03753547043053,13.231785227282815,high,18178.0,198.675,7.130750243147702,3.5891532619341646
corn,2026,17,109,McDonough,200.35889370156914,187.12710847428633,213.59067892885196,13.231785227282815,high,12297.0,193.41538461538462,6.94350908618452,3.5899466322143954
corn,2026,17,073,Henry,203.0086604173425,189.77687519005968,216.2404456446253,13.231785227282815,high,21151.0,195.92142857142858,7.087231845913919,3.617384733048776
corn,2026,17,135,Montgomery,190.5290433357506,177.2972581084678,203.7608285630334,13.231785227282815,high,14573.0,183.64666666666665,6.882376669083953,3.7476186167734893
corn,2026,17,007,Boone,203.90041518239323,190.66862995511042,217.13220040967605,13.231785227282815,high,7190.0,196.50666666666666,7.393748515726571,3.7625942372064927
corn,2026,19,191,Winneshiek,199.97030399344544,186.73851876616263,213.20208922072825,13.231785227282815,high,16782.0,192.5,7.470303993445441,3.880677399192437
corn,2026,17,177,Stephenson,203.67042985993194,190.43864463264913,216.90221508721476,13.231785227282815,high,16128.0,196.0,7.670429859931943,3.9134846224142565
corn,2026,17,141,Ogle,207.46067630387353,194.2288910765907,220.69246153115634,13.231785227282815,high,21313.0,199.56875,7.891926303873532,3.9544900210446436
corn,2026,17,067,Hancock,199.19124133003737,185.95945610275456,212.42302655732018,13.231785227282815,high,14843.0,191.33571428571426,7.855527044323111,4.1056250651630855
corn,2026,19,043,Clayton,204.87681270053403,191.64502747325122,218.10859792781685,13.231785227282815,high,14344.0,196.10625,8.770562700534043,4.4723524622667785
corn,2026,17,155,Putnam,207.1721139647868,193.940328737504,220.40389919206962,13.231785227282815,medium,3081.0,198.19230769230768,8.979806272479124,4.5308550957589215
corn,2026,31,011,Boone,192.9596435437212,179.7278583164384,206.191428771004,13.231785227282815,high,16363.0,184.375,8.5846435437212,4.656077854221667
corn,2026,17,019,Champaign,201.42807177192864,188.19628654464583,214.65985699921146,13.231785227282815,high,24069.0,192.0,9.428071771928643,4.910454047879502
corn,2026,17,045,Edgar,198.09616142028682,184.864376193004,211.32794664756963,13.231785227282815,high,14631.0,188.22857142857143,9.867589991715391,5.242344409684862
corn,2026,17,071,Henderson,206.84433033969745,193.61254511241464,220.07611556698026,13.231785227282815,high,8808.0,196.2357142857143,10.608616053983155,5.406057756916397
corn,2026,31,179,Wayne,186.02848444446542,172.7966992171826,199.26026967174823,13.231785227282815,high,12101.0,176.47333333333333,9.55515111113209,5.414501404064121
corn,2026,31,175,Valley,199.06179079123802,185.8300055639552,212.29357601852084,13.231785227282815,high,7477.0,188.76000000000002,10.301790791238005,5.457613260880485
corn,2026,17,037,DeKalb,209.331907731646,196.10012250436318,222.5636929589288,13.231785227282815,high,17867.0,198.48666666666668,10.84524106497932,5.463964530772504
corn,2026,31,141,Platte,201.79504663602017,188.56326140873736,215.026831863303,13.231785227282815,high,18765.0,191.3,10.495046636020163,5.486171790914878
corn,2026,19,019,Buchanan,204.749602171728,191.51781694444517,217.9813873990108,13.231785227282815,high,18610.0,194.05625,10.69335217172798,5.5104394585219385
corn,2026,19,193,Woodbury,200.81087203724385,187.57908680996104,214.04265726452667,13.231785227282815,high,20047.0,190.275,10.535872037243848,5.537181467478044
corn,2026,17,099,LaSalle,203.73821726492378,190.50643203764096,216.9700024922066,13.231785227282815,high,25908.0,192.92666666666668,10.8115505982571,5.603969002863143
corn,2026,17,093,Kendall,198.61371616279163,185.38193093550882,211.84550139007445,13.231785227282815,high,6793.0,188.01666666666665,10.597049496124981,5.636228789712782
corn,2026,17,061,Greene,196.23754365459726,183.00575842731445,209.46932888188007,13.231785227282815,high,10091.0,185.61875,10.618793654597255,5.720754856175496
corn,2026,19,031,Cedar,208.45316869523805,195.22138346795523,221.68495392252086,13.231785227282815,high,14602.0,197.06875,11.384418695238054,5.776876696705112
corn,2026,19,047,Crawford,209.52324212788398,196.29145690060116,222.7550273551668,13.231785227282815,high,19867.0,197.875,11.648242127883975,5.886666899751851
corn,2026,17,057,Fulton,195.03040389783612,181.7986186705533,208.26218912511894,13.231785227282815,high,12679.0,183.81875,11.211653897836129,6.0992983021787115
corn,2026,31,077,Greeley,195.3436870945163,182.11190186723348,208.5754723217991,13.231785227282815,high,7869.0,184.07857142857142,11.265115665944876,6.119732230927332
corn,2026,31,119,Madison,189.56830295267395,176.33651772539113,202.80008817995676,13.231785227282815,high,13885.0,178.57142857142858,10.996874381245362,6.158249653497402
corn,2026,17,173,Shelby,194.05039078060219,180.81860555331937,207.282176007885,13.231785227282815,high,14968.0,182.66666666666666,11.383724113935529,6.231965755804121
corn,2026,19,161,Sac,207.99259082731268,194.76080560002987,221.2243760545955,13.231785227282815,high,15745.0,195.675,12.31759082731267,6.294923126261745
corn,2026,19,127,Marshall,212.7771294379669,199.54534421068408,226.0089146652497,13.231785227282815,high,14067.0,200.10714285714286,12.66998658082403,6.331601361111419
corn,2026,17,011,Bureau,212.69944577797375,199.46766055069094,225.93123100525656,13.231785227282815,high,23652.0,199.99375,12.705695777973744,6.35304642168755
corn,2026,17,063,Grundy,193.68017540056917,180.44839017328636,206.91196062785198,13.231785227282815,high,9482.0,181.86153846153846,11.81863693903071,6.498700626317539
corn,2026,17,017,Cass,203.4503613363836,190.21857610910078,216.6821465636664,13.231785227282815,high,7012.0,190.95000000000002,12.500361336383577,6.546405517875661
corn,2026,31,035,Clay,200.40565901752134,187.17387379023853,213.63744424480416,13.231785227282815,high,16861.0,188.03333333333333,12.372325684188013,6.579857658671164
corn,2026,31,103,Keya Paha,196.29062005957576,183.05883483229294,209.52240528685857,13.231785227282815,medium,1757.0,184.15333333333334,12.137286726242422,6.590859099070932
corn,2026,31,093,Howard,194.8798216388147,181.64803641153188,208.1116068660975,13.231785227282815,high,10068.0,182.04375,12.836071638814701,7.051091640781242
corn,2026,19,113,Linn,204.835814780845,191.60402955356219,218.0676000081278,13.231785227282815,high,14309.0,191.33333333333334,13.502481447511656,7.057046052706439
corn,2026,19,099,Jasper,207.18380761389125,193.95202238660843,220.41559284117406,13.231785227282815,high,16470.0,193.41538461538462,13.768422998506622,7.1185769559571295
corn,2026,17,131,Mercer,212.52971785939616,199.29793263211334,225.76150308667897,13.231785227282815,high,13120.0,198.2,14.329717859396169,7.229928284256393
corn,2026,19,139,Muscatine,201.78105959907174,188.54927437178893,215.01284482635455,13.231785227282815,high,8527.0,188.03125,13.749809599071739,7.3125129993401305
corn,2026,31,083,Harlan,187.06298705618477,173.83120182890195,200.29477228346758,13.231785227282815,high,12195.0,174.2625,12.800487056184778,7.345520152749318
corn,2026,17,117,Macoupin,194.004317470184,180.77253224290118,207.2361026974668,13.231785227282815,high,16263.0,180.3875,13.616817470184003,7.548648032809371
corn,2026,19,075,Grundy,213.02260810311645,199.79082287583364,226.25439333039927,13.231785227282815,high,14518.0,197.96666666666667,15.055941436449785,7.60529117854005
corn,2026,31,143,Polk,205.45549033043568,192.22370510315287,218.6872755577185,13.231785227282815,high,12611.0,190.8846153846154,14.570874945820293,7.6333417004095825
corn,2026,19,095,Iowa,205.64472382286678,192.41293859558397,218.8765090501496,13.231785227282815,high,11891.0,190.84666666666666,14.798057156200116,7.753898674083968
corn,2026,19,163,Scott,210.8197437509025,197.58795852361968,224.0515289781853,13.231785227282815,high,9879.0,195.53125,15.28849375090249,7.818951574698413
corn,2026,17,089,Kane,204.71552921153832,191.4837439842555,217.94731443882114,13.231785227282815,high,7120.0,189.86666666666667,14.84886254487165,7.820679008886051
corn,2026,19,129,Mills,198.23055294460391,184.9987677173211,211.46233817188673,13.231785227282815,high,9474.0,183.57142857142858,14.659124373175331,7.985515222741426
corn,2026,19,103,Johnson,202.2694503621831,189.0376651349003,215.50123558946592,13.231785227282815,high,10781.0,187.10666666666665,15.162783695516453,8.103817980216162
corn,2026,19,165,Shelby,205.59918616269127,192.36740093540845,218.83097138997408,13.231785227282815,high,16066.0,190.03076923076924,15.56841693192203,8.192576915276327
corn,2026,17,195,Whiteside,209.7351665290747,196.50338130179188,222.9669517563575,13.231785227282815,high,20510.0,193.80625,15.928916529074684,8.218990114650422
corn,2026,19,073,Greene,203.78574716962032,190.5539619423375,217.01753239690314,13.231785227282815,high,15299.0,188.1125,15.67324716962031,8.331847787691041
corn,2026,31,041,Custer,198.75417818690298,185.52239295962016,211.9859634141858,13.231785227282815,high,23570.0,183.44615384615386,15.308024340749114,8.344696260891414
corn,2026,31,167,Stanton,190.13395976457588,176.90217453729306,203.3657449918587,13.231785227282815,high,9748.0,175.41333333333333,14.72062643124255,8.391965508841526
corn,2026,17,049,Effingham,193.6181175635838,180.386332336301,206.84990279086662,13.231785227282815,high,7912.0,178.5125,15.10561756358382,8.461938275237767
corn,2026,19,011,Benton,205.87201596450095,192.64023073721813,219.10380119178376,13.231785227282815,high,18439.0,189.73333333333332,16.138682631167626,8.50598171003213
corn,2026,19,155,Pottawattamie,202.20540121684675,188.97361598956394,215.43718644412957,13.231785227282815,high,22879.0,186.1846153846154,16.020785832231354,8.604784986738043
corn,2026,31,051,Dixon,187.16903069702607,173.93724546974326,200.4008159243089,13.231785227282815,high,11327.0,172.3083333333333,14.860697363692765,8.62447977773919
corn,2026,31,061,Franklin,196.96543917276438,183.73365394548156,210.1972244000472,13.231785227282815,high,9872.0,181.29375,15.671689172764388,8.644362628476927
corn,2026,19,089,Howard,208.38299533719356,195.15121010991075,221.61478056447638,13.231785227282815,high,13368.0,191.71875,16.664245337193563,8.692026907745623
corn,2026,19,151,Pocahontas,208.12817638891204,194.89639116162923,221.35996161619485,13.231785227282815,high,16648.0,191.31333333333333,16.814843055578706,8.7891642273994
corn,2026,19,005,Allamakee,205.63668204497745,192.40489681769463,218.86846727226026,13.231785227282815,high,9367.0,188.6875,16.949182044977448,8.982673491872777
corn,2026,17,023,Clark,194.19158076483956,180.95979553755674,207.42336599212237,13.231785227282815,high,8321.0,178.03076923076924,16.16081153407032,9.077538452424566
corn,2026,19,021,Buena Vista,205.19312883031176,191.96134360302895,218.42491405759458,13.231785227282815,high,15086.0,188.10666666666665,17.08646216364511,9.083390007608331
corn,2026,19,071,Fremont,202.36970039750273,189.1379151702199,215.60148562478554,13.231785227282815,high,11512.0,185.47333333333333,16.896367064169397,9.109863267407388
corn,2026,31,163,Sherman,196.83357245564207,183.60178722835926,210.06535768292488,13.231785227282815,high,7761.0,180.35625,16.47732245564208,9.135986391179724
corn,2026,17,163,St. Clair,177.22281603476875,163.99103080748594,190.45460126205157,13.231785227282815,high,8377.0,162.36875,14.85406603476875,9.148352767862503
corn,2026,31,149,Rock,208.24205855461275,195.01027332732994,221.47384378189557,13.231785227282815,medium,2555.0,190.7125,17.52955855461275,9.191614893943894
corn,2026,19,195,Worth,207.02952506364764,193.79773983636483,220.26131029093045,13.231785227282815,high,10913.0,189.36875,17.660775063647634,9.326129608843926
corn,2026,19,017,Bremer,212.53366611289346,199.30188088561064,225.76545134017627,13.231785227282815,high,11763.0,194.2,18.333666112893468,9.4406107687402
corn,2026,17,005,Bond,180.70164670201345,167.46986147473064,193.93343192929626,13.231785227282815,high,6796.0,165.08333333333334,15.618313368680106,9.460866250588655
corn,2026,19,183,Washington,200.6356928706609,187.4039076433781,213.86747809794372,13.231785227282815,high,10912.0,183.28571428571428,17.349978584946626,9.466083405660669
corn,2026,19,157,Poweshiek,208.98247760387173,195.75069237658892,222.21426283115454,13.231785227282815,high,13835.0,190.88125,18.101227603871735,9.48297834589397
corn,2026,31,039,Cuming,204.37181985502184,191.14003462773903,217.60360508230465,13.231785227282815,high,15155.0,186.6125,17.75931985502183,9.51668288834983
corn,2026,31,153,Sarpy,196.59802363917711,183.3662384118943,209.82980886645993,13.231785227282815,medium,2712.0,179.45714285714286,17.14088078203426,9.551517710097103
corn,2026,31,053,Dodge,200.9359075079262,187.7041222806434,214.16769273520902,13.231785227282815,high,13381.0,183.3642857142857,17.571621793640503,9.582903085620623
corn,2026,17,027,Clinton,178.8527640490297,165.6209788217469,192.08454927631252,13.231785227282815,high,8481.0,163.2,15.652764049029713,9.591154441807422
corn,2026,19,009,Audubon,207.45251143123377,194.22072620395096,220.6842966585166,13.231785227282815,high,10544.0,189.2875,18.16501143123378,9.596519279526529
corn,2026,17,085,Jo Daviess,207.2591748907387,194.0273896634559,220.49096011802152,13.231785227282815,high,9620.0,188.8375,18.4216748907387,9.755305429662382
corn,2026,31,037,Colfax,202.98111664571687,189.74933141843405,216.21290187299968,13.231785227282815,high,10842.0,184.8875,18.093616645716878,9.786284440925904
corn,2026,19,137,Montgomery,200.6168583025382,187.38507307525538,213.848643529821,13.231785227282815,high,9089.0,182.64375,17.97310830253818,9.840527421572421
corn,2026,19,153,Polk,201.1186262741127,187.8868410468299,214.3504115013955,13.231785227282815,high,7025.0,183.01875,18.099876274112688,9.889629491029028
corn,2026,19,105,Jones,210.47102202262386,197.23923679534104,223.70280724990667,13.231785227282815,high,13974.0,191.51333333333332,18.957688689290535,9.898887121500959
corn,2026,31,169,Thayer,199.19306213733245,185.96127691004963,212.42484736461526,13.231785227282815,high,15140.0,181.24666666666664,17.946395470665806,9.90164166917965
corn,2026,19,041,Clay,203.85756468736878,190.62577946008597,217.0893499146516,13.231785227282815,high,13962.0,185.475,18.382564687368784,9.911074100212312
corn,2026,17,197,Will,195.25073763225302,182.0189524049702,208.48252285953583,13.231785227282815,high,9068.0,177.6,17.650737632253026,9.938478396538866
corn,2026,31,071,Garfield,198.88105158696382,185.649266359681,212.11283681424663,13.231785227282815,low,1164.0,180.8,18.08105158696381,10.000581629957859
corn,2026,19,065,Fayette,210.28485877676164,197.05307354947882,223.51664400404445,13.231785227282815,high,19072.0,190.75333333333336,19.53152544342828,10.239152890344394
corn,2026,19,023,Butler,212.4258627565802,199.19407752929737,225.657647983863,13.231785227282815,high,15590.0,192.64375,19.782112756580176,10.26875398583145
corn,2026,19,083,Hardin,211.97344027650126,198.74165504921845,225.20522550378408,13.231785227282815,high,16890.0,192.22,19.753440276501266,10.276475016388131
corn,2026,19,057,Des Moines,203.06309007973124,189.83130485244843,216.29487530701405,13.231785227282815,high,6850.0,184.06666666666666,18.996423413064576,10.320403882505202
corn,2026,19,069,Franklin,213.42037187003297,200.18858664275015,226.65215709731578,13.231785227282815,high,18593.0,193.3875,20.032871870032977,10.358927991743508
corn,2026,31,107,Knox,191.31160646178236,178.07982123449955,204.54339168906517,13.231785227282815,high,14788.0,173.3,18.01160646178235,10.393310133746306
corn,2026,19,015,Boone,209.64297660907334,196.41119138179053,222.87476183635616,13.231785227282815,high,13924.0,189.64375,19.999226609073332,10.545681895170988
corn,2026,19,187,Webster,211.08463378368006,197.85284855639725,224.31641901096287,13.231785227282815,high,18389.0,190.85,20.234633783680067,10.60237557436734
corn,2026,19,027,Carroll,209.07308993124633,195.84130470396352,222.30487515852914,13.231785227282815,high,16749.0,188.84666666666666,20.226423264579665,10.710500546076005
corn,2026,31,023,Butler,204.1233965326276,190.89161130534478,217.3551817599104,13.231785227282815,high,14498.0,184.225,19.8983965326276,10.801138028295618
corn,2026,19,025,Calhoun,209.58488791160644,196.35310268432363,222.81667313888926,13.231785227282815,high,15655.0,189.13125,20.45363791160645,10.814520557341238
corn,2026,19,171,Tama,208.63977046922378,195.40798524194096,221.8715556965066,13.231785227282815,high,16748.0,188.22857142857143,20.41119904065235,10.843836770231212
corn,2026,17,119,Madison,193.76536222355463,180.53357699627182,206.99714745083745,13.231785227282815,high,9887.0,174.74375,19.021612223554627,10.885432081865375
corn,2026,19,123,Mahaska,205.6128656281428,192.38108040086,218.8446508554256,13.231785227282815,high,12137.0,185.425,20.187865628142788,10.887348323118665
corn,2026,17,201,Winnebago,204.22369394450118,190.99190871721837,217.455479171784,13.231785227282815,high,8595.0,184.0875,20.136193944501173,10.938381989272044
corn,2026,19,059,Dickinson,200.45618566528196,187.22440043799915,213.68797089256478,13.231785227282815,high,8805.0,180.3875,20.068685665281976,11.125319473512286
corn,2026,19,109,Kossuth,210.00288780685517,196.77110257957236,223.23467303413798,13.231785227282815,high,27918.0,188.84285714285713,21.160030663998043,11.205099829638119
corn,2026,19,189,Winnebago,212.57118519809706,199.33939997081424,225.80297042537987,13.231785227282815,high,11394.0,191.05625,21.51493519809705,11.261047570072714
corn,2026,17,053,Ford,198.46058698689984,185.22880175961703,211.69237221418265,13.231785227282815,high,12650.0,178.12857142857143,20.332015558328408,11.41423601798852
corn,2026,19,081,Hancock,212.13823605849618,198.90645083121336,225.370021285779,13.231785227282815,high,17512.0,190.06875,22.06948605849618,11.61131751458153
corn,2026,17,171,Scott,197.66222369950833,184.43043847222552,210.89400892679114,13.231785227282815,medium,4615.0,177.06923076923078,20.592992930277546,11.629910425892005
corn,2026,19,131,Mitchell,214.05803793079866,200.82625270351585,227.28982315808148,13.231785227282815,high,14665.0,191.75625,22.301787930798668,11.63027955062673
corn,2026,19,037,Chickasaw,214.2094255164809,200.9776402891981,227.44121074376372,13.231785227282815,high,14770.0,191.76875,22.440675516480894,11.701945972157036
corn,2026,31,021,Burt,202.26280483733228,189.03101961004947,215.4945900646151,13.231785227282815,high,12064.0,180.89375,21.36905483733227,11.813042096441844
corn,2026,19,029,Cass,202.6143483869291,189.38256315964628,215.8461336142119,13.231785227282815,high,12733.0,181.01333333333332,21.601015053595773,11.933383389950524
corn,2026,19,097,Jackson,211.42827962255743,198.1964943952746,224.66006484984024,13.231785227282815,high,11681.0,188.825,22.603279622557437,11.970490995661295
corn,2026,19,063,Emmet,209.1222256754427,195.8904404481599,222.35401090272552,13.231785227282815,high,10456.0,186.74615384615385,22.37607182928886,11.98207907817091
corn,2026,17,103,Lee,215.3091704298836,202.0773852026008,228.54095565716642,13.231785227282815,high,22556.0,192.19333333333333,23.11583709655028,12.027387576685081
corn,2026,31,063,Frontier,151.92405988850595,138.69227466122314,165.15584511578876,13.231785227282815,high,11891.0,135.48461538461538,16.43944450389057,12.133809035972147
corn,2026,17,111,McHenry,201.4521803586707,188.22039513138787,214.6839655859535,13.231785227282815,high,9026.0,179.62727272727273,21.824907631397963,12.150107998652645
corn,2026,19,013,Black Hawk,210.3700478907178,197.138262663435,223.60183311800063,13.231785227282815,high,13329.0,187.52666666666667,22.843381224051143,12.181404186454092
corn,2026,19,147,Palo Alto,208.1663511091546,194.93456588187178,221.3981363364374,13.231785227282815,high,14727.0,185.5375,22.628851109154596,12.196375993615627
corn,2026,17,075,Iroquois,198.92949417366745,185.69770894638464,212.16127940095026,13.231785227282815,high,28776.0,177.17999999999998,21.749494173667472,12.275366392181665
corn,2026,17,033,Crawford,186.80087147569535,173.56908624841253,200.03265670297816,13.231785227282815,high,6663.0,166.23999999999998,20.560871475695365,12.368185440143991
corn,2026,19,091,Humboldt,209.61046923032615,196.37868400304333,222.84225445760896,13.231785227282815,high,11792.0,186.45,23.160469230326157,12.421812405645566
corn,2026,31,055,Douglas,195.14792867882164,181.91614345153883,208.37971390610446,13.231785227282815,medium,2404.0,173.55714285714288,21.590785821678764,12.440159745802234
corn,2026,31,155,Saunders,199.46351112258046,186.23172589529764,212.69529634986327,13.231785227282815,high,17802.0,177.09285714285716,22.3706539797233,12.632160517731869
corn,2026,31,121,Merrick,203.1499553941501,189.9181701668673,216.38174062143293,13.231785227282815,high,11791.0,180.15,22.999955394150106,12.767113735303973
corn,2026,37,029,Camden,187.07087753475338,173.83909230747057,200.3026627620362,13.231785227282815,medium,1609.0,165.8625,21.208377534753367,12.786722456705624
corn,2026,31,043,Dakota,196.19993550850046,182.96815028121765,209.43172073578327,13.231785227282815,high,6606.0,173.93,22.269935508500453,12.803964530846002
corn,2026,19,169,Story,209.13950010711477,195.90771487983196,222.37128533439758,13.231785227282815,high,14864.0,185.075,24.06450010711478,13.002566584960034
corn,2026,17,051,Fayette,177.48302644887724,164.25124122159443,190.71481167616005,13.231785227282815,high,10760.0,156.98333333333332,20.49969311554392,13.058515627270785
corn,2026,17,125,Mason,203.45107286426517,190.21928763698236,216.68285809154798,13.231785227282815,high,11708.0,179.93571428571428,23.515358578550888,13.06875551187775
corn,2026,19,115,Louisa,204.80997790680135,191.57819267951854,218.04176313408416,13.231785227282815,high,7430.0,181.07857142857142,23.73140647822993,13.105585211440141
corn,2026,19,079,Hamilton,211.2024241253324,197.9706388980496,224.43420935261523,13.231785227282815,high,17004.0,186.69333333333333,24.509090791999085,13.12799463933675
corn,2026,31,145,Red Willow,149.9436576174839,136.71187239020108,163.1754428447667,13.231785227282815,high,9887.0,132.53076923076924,17.412888386714656,13.138751467136254
corn,2026,31,125,Nance,197.96035289724506,184.72856766996225,211.19213812452787,13.231785227282815,high,8561.0,174.43846153846152,23.521891358783535,13.484349237738058
corn,2026,19,085,Harrison,200.13386134823887,186.90207612095605,213.36564657552168,13.231785227282815,high,17346.0,176.21538461538464,23.91847673285423,13.573432753933341
corn,2026,31,015,Boyd,160.42941566303165,147.19763043574883,173.66120089031446,13.231785227282815,medium,3696.0,141.03333333333333,19.396082329698316,13.752835497304407
corn,2026,19,145,Page,200.38481912230566,187.15303389502284,213.61660434958847,13.231785227282815,high,10930.0,176.14666666666665,24.23815245563901,13.760210689371933
corn,2026,17,121,Marion,178.9973371908463,165.7655519635635,192.22912241812912,13.231785227282815,high,7091.0,157.20625,21.791087190846298,13.861463644636453
corn,2026,17,083,Jersey,198.91916128289432,185.6873760556115,212.15094651017714,13.231785227282815,high,5174.0,174.41538461538462,24.503776667509698,14.049091323878717
corn,2026,17,101,Lawrence,195.9869012342308,182.755116006948,209.2186864615136,13.231785227282815,high,6519.0,171.74615384615385,24.240747388076954,14.114288352443246
corn,2026,17,153,Pulaski,184.03793246311218,170.80614723582937,197.269717690395,13.231785227282815,low,1283.0,161.1,22.93793246311219,14.238319343955427
corn,2026,19,067,Floyd,215.5250009995509,202.2932157722681,228.75678622683373,13.231785227282815,high,13938.0,188.4875,27.0375009995509,14.344453080204735
corn,2026,19,125,Marion,201.00811765183158,187.77633242454877,214.2399028791144,13.231785227282815,high,7000.0,175.78666666666666,25.22145098516492,14.347761103514632
corn,2026,17,079,Jasper,187.40076528171235,174.16898005442954,200.63255050899517,13.231785227282815,high,8661.0,163.62857142857143,23.77219385314092,14.528143615504316
corn,2026,17,035,Cumberland,195.83601847965716,182.60423325237434,209.06780370693997,13.231785227282815,high,6158.0,170.8923076923077,24.94371078734946,14.596157734765168
corn,2026,31,025,Cass,194.44055081837234,181.20876559108953,207.67233604565516,13.231785227282815,high,12081.0,169.57999999999998,24.86055081837236,14.660072425033825
corn,2026,19,087,Henry,199.44171485434353,186.20992962706072,212.67350008162634,13.231785227282815,high,7164.0,173.4375,26.00421485434353,14.993421177279153
corn,2026,17,169,Schuyler,195.60144268036763,182.3696574530848,208.83322790765044,13.231785227282815,high,5559.0,170.0,25.601442680367626,15.059672164922134
corn,2026,19,197,Wright,214.4395428900666,201.2077576627838,227.67132811734942,13.231785227282815,high,16433.0,186.36,28.07954289006659,15.067365792051186
corn,2026,31,111,Lincoln,202.4885333004899,189.2567480732071,215.72031852777272,13.231785227282815,high,19408.0,175.9125,26.57603330048991,15.1075297664975
corn,2026,31,135,Perkins,150.79607311518492,137.5642878879021,164.02785834246774,13.231785227282815,high,24424.0,131.0,19.796073115184925,15.111506194797652
corn,2026,19,033,Cerro Gordo,212.68485993350703,199.4530747062242,225.91664516078984,13.231785227282815,high,15995.0,184.63333333333333,28.051526600173702,15.193099801502276
corn,2026,31,177,Washington,195.21753134832525,181.98574612104244,208.44931657560807,13.231785227282815,high,8047.0,169.25333333333336,25.964198014991894,15.340435253855299
corn,2026,19,049,Dallas,206.69233481581898,193.46054958853617,219.9241200431018,13.231785227282815,high,11597.0,179.16,27.532334815818984,15.367456360693785
corn,2026,31,159,Seward,206.06785552418268,192.83607029689986,219.2996407514655,13.231785227282815,high,13210.0,178.58461538461538,27.4832401395673,15.389478024395888
corn,2026,17,189,Washington,179.96307669920515,166.73129147192233,193.19486192648796,13.231785227282815,high,9387.0,155.51875,24.444326699205135,15.71792899518877
corn,2026,19,107,Keokuk,201.1766180755769,187.94483284829408,214.4084033028597,13.231785227282815,high,11531.0,173.52,27.656618075576887,15.938576576519644
corn,2026,17,001,Adams,196.94841156420165,183.71662633691884,210.18019679148446,13.231785227282815,high,14297.0,169.57857142857142,27.369840135630227,16.139916679955487
corn,2026,17,097,Lake,190.31747363170436,177.08568840442155,203.54925885898717,13.231785227282815,low,1008.0,163.825,26.49247363170437,16.17120319347131
corn,2026,31,113,Logan,206.54716497173396,193.31537974445115,219.77895019901678,13.231785227282815,medium,2099.0,177.7642857142857,28.782879257448258,16.191598408979612
corn,2026,19,133,Monona,204.50384686542114,191.27206163813833,217.73563209270395,13.231785227282815,high,16902.0,175.86875,28.635096865421133,16.282083579613282
corn,2026,17,009,Brown,195.81989656134635,182.58811133406354,209.05168178862917,13.231785227282815,medium,3579.0,168.15,27.66989656134635,16.455484128068004
corn,2026,31,065,Furnas,151.98519408367838,138.75340885639557,165.2169793109612,13.231785227282815,high,13904.0,130.49375,21.491444083678374,16.469328288656257
corn,2026,17,025,Clay,189.78987168964434,176.55808646236153,203.02165691692716,13.231785227282815,high,6125.0,162.52,27.269871689644333,16.7793943450925
corn,2026,17,013,Calhoun,195.09228705764986,181.86050183036704,208.32407228493267,13.231785227282815,medium,1812.0,167.03333333333333,28.058953724316524,16.798415720005902
corn,2026,37,139,Pasquotank,187.97007923412218,174.73829400683937,201.201864461405,13.231785227282815,medium,1847.0,160.24615384615385,27.723925387968336,17.300836695640765
corn,2026,19,101,Jefferson,195.29603998144427,182.06425475416145,208.52782520872708,13.231785227282815,high,6952.0,166.19375,29.102289981444272,17.511061626230994
corn,2026,19,111,Lee,198.526378475566,185.29459324828318,211.7581637028488,13.231785227282815,high,6759.0,168.65625,29.87012847556599,17.710656127813817
corn,2026,17,193,White,196.2412238745165,183.00943864723368,209.4730091017993,13.231785227282815,high,7013.0,166.16666666666666,30.074557207849836,18.099031418966803
corn,2026,19,077,Guthrie,205.99217567776324,192.76039045048043,219.22396090504606,13.231785227282815,high,10296.0,173.77692307692308,32.21525260084016,18.5382800146484
corn,2026,31,127,Nemaha,195.65080523035172,182.4190200030689,208.88259045763454,13.231785227282815,high,9092.0,165.0,30.65080523035172,18.576245594152557
corn,2026,17,091,Kankakee,202.2905658399432,189.0587806126604,215.52235106722603,13.231785227282815,high,17028.0,170.33076923076925,31.959796609173964,18.763372439112203
corn,2026,31,095,Jefferson,191.20219322343127,177.97040799614845,204.43397845071408,13.231785227282815,high,10270.0,160.92000000000002,30.28219322343125,18.818166308371392
corn,2026,31,129,Nuckolls,198.33292165099138,185.10113642370857,211.5647068782742,13.231785227282815,high,13094.0,166.89999999999998,31.432921650991403,18.83338624984506
corn,2026,17,149,Pike,199.09328978831965,185.86150456103684,212.32507501560247,13.231785227282815,high,14761.0,167.18333333333334,31.909956454986315,19.08680477817943
corn,2026,37,141,Pender,162.08980668916908,148.85802146188627,175.3215919164519,13.231785227282815,low,1439.0,136.05714285714285,26.03266383202623,19.1336252440344
corn,2026,37,053,Currituck,183.64461537202843,170.4128301447456,196.87640059931124,13.231785227282815,low,707.0,153.56875,30.07586537202843,19.584626020611896
corn,2026,17,059,Gallatin,198.9883595267312,185.75657429944837,212.220144754014,13.231785227282815,medium,4896.0,164.8846153846154,34.1037441421158,20.683399759622365
corn,2026,31,147,Richardson,198.6616715494825,185.42988632219968,211.8934567767653,13.231785227282815,high,10586.0,164.16,34.501671549482495,21.017100115425496
corn,2026,37,193,Wilkes,186.57541166295164,173.34362643566882,199.80719689023445,13.231785227282815,low,587.0,154.02222222222224,32.5531894407294,21.13538486268681
corn,2026,37,177,Tyrrell,182.2537122800398,169.02192705275698,195.4854975073226,13.231785227282815,medium,1909.0,150.41333333333333,31.840378946706466,21.16858807732457
corn,2026,31,151,Saline,202.41142161190825,189.17963638462544,215.64320683919107,13.231785227282815,high,13861.0,166.7,35.711421611908264,21.422568453454268
corn,2026,31,173,Thurston,203.556626366838,190.3248411395552,216.78841159412082,13.231785227282815,high,10087.0,167.48,36.07662636683801,21.54085644067233
corn,2026,31,085,Hayes,171.0944754703858,157.86269024310297,184.3262606976686,13.231785227282815,high,6886.0,140.68125,30.413225470385783,21.618535142661713
corn,2026,19,173,Taylor,196.67269087943112,183.4409056521483,209.90447610671393,13.231785227282815,high,8095.0,160.86,35.8126908794311,22.263266740912034
corn,2026,17,185,Wabash,197.21804679225633,183.98626156497352,210.44983201953914,13.231785227282815,medium,4406.0,159.98,37.23804679225634,23.276688831264124
corn,2026,19,003,Adams,197.2683492073873,184.0365639801045,210.50013443467012,13.231785227282815,high,7150.0,160.01,37.25834920738731,23.28501294130824
corn,2026,19,001,Adair,203.00612138008836,189.77433615280555,216.23790660737117,13.231785227282815,high,10323.0,164.46428571428572,38.54183566580264,23.434775214820277
corn,2026,19,121,Madison,204.96591015281726,191.73412492553445,218.19769538010007,13.231785227282815,high,6400.0,165.61333333333332,39.35257681948394,23.761720163121296
corn,2026,19,175,Union,196.95016312359857,183.71837789631576,210.18194835088138,13.231785227282815,high,5297.0,159.0142857142857,37.935877409312866,23.85689891880245
corn,2026,19,179,Wapello,201.91020119225587,188.67841596497306,215.14198641953868,13.231785227282815,high,5620.0,162.66428571428574,39.24591547797013,24.12694053008307
corn,2026,31,115,Loup,198.5454754226206,185.31369019533778,211.7772606499034,13.231785227282815,low,932.0,159.33333333333334,39.212142089287255,24.61013101838112
corn,2026,17,165,Saline,196.835012640514,183.6032274132312,210.06679786779682,13.231785227282815,medium,3670.0,156.74615384615385,40.08885879436016,25.575657080369147
corn,2026,31,069,Garden,154.88467972377907,141.65289449649626,168.1164649510619,13.231785227282815,medium,4479.0,122.9125,31.972179723779078,26.012146627705953
corn,2026,17,127,Massac,201.89039903110367,188.65861380382086,215.12218425838648,13.231785227282815,medium,1513.0,159.125,42.76539903110367,26.87534895905965
corn,2026,17,081,Jefferson,182.1039086853857,168.8721234581029,195.33569391266852,13.231785227282815,medium,4380.0,143.45333333333335,38.65057535205236,26.942960790072743
corn,2026,19,181,Warren,202.469282647128,189.2374974198452,215.70106787441082,13.231785227282815,high,5856.0,159.43076923076922,43.038513416358796,26.995111184631114
corn,2026,19,177,Van Buren,192.66067837732416,179.42889315004135,205.89246360460697,13.231785227282815,medium,4743.0,151.6357142857143,41.02496409160986,27.054948291607612
corn,2026,37,187,Washington,183.81616719853537,170.58438197125255,197.04795242581818,13.231785227282815,medium,2762.0,144.54285714285714,39.27331005567822,27.170702746565283
corn,2026,31,045,Dawes,130.9040570449452,117.67227181766239,144.13584227222802,13.231785227282815,low,603.0,102.55,28.354057044945208,27.64900735733321
corn,2026,31,181,Webster,199.4648638324454,186.23307860516258,212.6966490597282,13.231785227282815,high,9606.0,156.25384615384615,43.211017678599234,27.65437059133511
corn,2026,19,053,Decatur,192.70747748219006,179.47569225490724,205.93926270947287,13.231785227282815,medium,3740.0,150.8846153846154,41.82286209757467,27.71844033996792
corn,2026,31,131,Otoe,193.0144850182878,179.78269979100497,206.2462702455706,13.231785227282815,high,13176.0,151.1,41.91448501828779,27.739566524346657
corn,2026,31,087,Hitchcock,145.44448509514783,132.212699867865,158.67627032243064,13.231785227282815,high,7446.0,113.325,32.11948509514782,28.342806172643126
corn,2026,17,191,Wayne,200.25977377790957,187.02798855062676,213.49155900519239,13.231785227282815,high,9483.0,155.375,44.88477377790957,28.888028175645747
corn,2026,17,077,Jackson,194.47711826193864,181.24533303465583,207.70890348922146,13.231785227282815,medium,3025.0,150.85333333333332,43.62378492860532,28.91801192898532
corn,2026,17,133,Monroe,197.1028134611552,183.87102823387238,210.334598688438,13.231785227282815,medium,4551.0,152.8125,44.29031346115519,28.9834362117989
corn,2026,17,159,Richland,191.83166546212288,178.59988023484007,205.0634506894057,13.231785227282815,high,5757.0,148.42307692307693,43.40858853904595,29.246522467354097
corn,2026,17,047,Edwards,201.53590039216024,188.30411516487743,214.76768561944306,13.231785227282815,medium,3286.0,155.84166666666667,45.694233725493575,29.320934961014007
corn,2026,31,067,Gage,195.85646094092039,182.62467571363757,209.0882461682032,13.231785227282815,high,18298.0,150.7,45.1564609409204,29.96447308621128
corn,2026,31,109,Lancaster,196.468043819816,183.23625859253318,209.6998290470988,13.231785227282815,high,13207.0,150.80666666666667,45.66137715314932,30.27808926648865
corn,2026,17,199,Williamson,187.82498610889317,174.59320088161036,201.05677133617598,13.231785227282815,low,1067.0,143.70714285714286,44.117843251750315,30.699826309682614
corn,2026,19,135,Monroe,196.35013412941896,183.11834890213615,209.58191935670177,13.231785227282815,medium,2779.0,150.12666666666667,46.223467462752296,30.78964483064454
corn,2026,19,051,Davis,192.61761498831376,179.38582976103095,205.84940021559657,13.231785227282815,medium,4830.0,147.19333333333333,45.42428165498043,30.86028465169195
corn,2026,37,171,Surry,193.82048671301925,180.58870148573644,207.05227194030206,13.231785227282815,low,1048.0,146.84375,46.97673671301925,31.990967755195065
corn,2026,31,097,Johnson,191.4497293298851,178.21794410260227,204.6815145571679,13.231785227282815,high,6526.0,144.74666666666664,46.70306266321845,32.26538043240037
corn,2026,19,185,Wayne,195.7424084990583,182.5106232717755,208.97419372634113,13.231785227282815,high,5974.0,147.53846153846155,48.20394696059677,32.67212254889249
corn,2026,17,157,Randolph,195.45020315070815,182.21841792342533,208.68198837799096,13.231785227282815,high,5952.0,145.75333333333336,49.69686981737479,34.09655798658106
corn,2026,37,095,Hyde,198.6250109638781,185.3932257365953,211.85679619116092,13.231785227282815,medium,3162.0,147.88333333333333,50.741677630544785,34.311965038123375
corn,2026,31,033,Cheyenne,149.02326374969527,135.79147852241246,162.2550489769781,13.231785227282815,high,7760.0,110.725,38.29826374969528,34.58863287396277
corn,2026,17,087,Johnson,185.30355496974056,172.07176974245775,198.53534019702337,13.231785227282815,low,569.0,137.56666666666666,47.7368883030739,34.70091226295656
corn,2026,17,055,Franklin,192.5913143684691,179.3595291411863,205.82309959575193,13.231785227282815,medium,2664.0,142.83125,49.7600643684691,34.83835951058966
corn,2026,37,143,Perquimans,194.42711678014604,181.19533155286322,207.65890200742885,13.231785227282815,low,1237.0,143.5857142857143,50.84140249443175,35.408398911652796
corn,2026,19,159,Ringgold,195.2677786001584,182.0359933728756,208.49956382744122,13.231785227282815,high,5019.0,142.25,53.01777860015841,37.27084611610433
corn,2026,37,019,Brunswick,160.77978781287584,147.54800258559303,174.01157304015865,13.231785227282815,low,628.0,117.05,43.72978781287584,37.359921241243775
corn,2026,19,007,Appanoose,194.35105369754316,181.11926847026035,207.58283892482598,13.231785227282815,medium,3563.0,140.86923076923077,53.4818229283124,37.96558172162186
corn,2026,17,065,Hamilton,196.17882201125548,182.94703678397266,209.4106072385383,13.231785227282815,high,5513.0,141.3111111111111,54.867710900144374,38.827598529745195
corn,2026,37,131,Northampton,162.86918532143994,149.63740009415713,176.10097054872276,13.231785227282815,medium,1658.0,116.71333333333334,46.155851988106605,39.546340310824185
corn,2026,37,091,Hertford,167.64876066921929,154.41697544193647,180.8805458965021,13.231785227282815,low,909.0,119.93846153846154,47.71029913075775,39.7789820869581
corn,2026,37,163,Sampson,155.50458065711666,142.27279542983385,168.73636588439948,13.231785227282815,medium,3491.0,111.15333333333334,44.351247323783326,39.90096022651892
corn,2026,19,117,Lucas,196.9030965655908,183.671311338308,210.1348817928736,13.231785227282815,medium,3294.0,140.375,56.5280965655908,40.26934750888036
corn,2026,19,039,Clarke,192.902574192768,179.67078896548517,206.1343594200508,13.231785227282815,medium,3376.0,137.48,55.422574192767996,40.313190422438176
corn,2026,37,165,Scotland,154.5977478179886,141.36596259070578,167.8295330452714,13.231785227282815,low,794.0,109.95,44.64774781798859,40.60731952522836
corn,2026,37,137,Pamlico,195.0125856038999,181.7808003766171,208.24437083118272,13.231785227282815,low,1352.0,138.49375,56.5188356038999,40.809665132108776
corn,2026,31,133,Pawnee,198.38003734960964,185.14825212232682,211.61182257689245,13.231785227282815,high,6328.0,140.74375,57.63628734960963,40.9512233044875
corn,2026,37,179,Union,160.89758088662285,147.66579565934003,174.12936611390566,13.231785227282815,medium,2866.0,113.85625,47.041330886622845,41.316423899981636
corn,2026,37,007,Anson,150.8625848741668,137.630799646884,164.0943701014496,13.231785227282815,low,922.0,106.55,44.3125848741668,41.58853578054135
corn,2026,31,105,Kimball,144.65795894209907,131.42617371481626,157.88974416938188,13.231785227282815,medium,3908.0,102.0125,42.64545894209907,41.804150414997245
corn,2026,31,049,Deuel,155.26123329787094,142.02944807058813,168.49301852515376,13.231785227282815,high,5873.0,109.25,46.011233297870945,42.11554535274229
corn,2026,17,181,Union,197.60944967063148,184.37766444334866,210.8412348979143,13.231785227282815,low,921.0,138.07500000000002,59.53444967063146,43.117472149651604
corn,2026,17,145,Perry,184.1475183556524,170.9157331283696,197.37930358293522,13.231785227282815,medium,4337.0,128.2846153846154,55.862902971037016,43.546065756639756
corn,2026,37,013,Beaufort,187.59526297477257,174.36347774748975,200.82704820205538,13.231785227282815,medium,3741.0,130.38666666666666,57.20859630810591,43.87610924540284
corn,2026,37,107,Lenoir,170.5001978578464,157.26841263056357,183.7319830851292,13.231785227282815,medium,2272.0,117.99375,52.50644785784638,44.49934666696022
corn,2026,17,003,Alexander,210.98908633116662,197.7573011038838,224.22087155844943,13.231785227282815,low,601.0,144.075,66.91408633116663,46.44392596298222
corn,2026,37,167,Stanly,174.268278186907,161.03649295962418,187.5000634141898,13.231785227282815,low,1140.0,118.61999999999999,55.64827818690701,46.91306540794724
corn,2026,37,155,Robeson,172.3616915031771,159.12990627589429,185.5934767304599,13.231785227282815,high,5656.0,116.92857142857143,55.43312007460567,47.407677522570516
corn,2026,37,197,Yadkin,190.56428790762396,177.33250268034115,203.79607313490678,13.231785227282815,low,915.0,129.26875,61.29553790762395,47.41713516037243
corn,2026,37,031,Carteret,170.61363927528492,157.3818540480021,183.84542450256774,13.231785227282815,low,1302.0,113.95,56.66363927528492,49.72675671372086
corn,2026,37,049,Craven,172.34651010093364,159.11472487365083,185.57829532821646,13.231785227282815,medium,1581.0,114.73125,57.61526010093364,50.217582481611274
corn,2026,37,093,Hoke,164.8341390199514,151.6023537926686,178.06592424723422,13.231785227282815,low,794.0,107.65714285714286,57.17699616280855,53.11026713636675
corn,2026,37,079,Greene,164.35620462380172,151.1244193965189,177.58798985108453,13.231785227282815,low,979.0,106.30714285714285,58.049061766658866,54.6050436560656
corn,2026,37,195,Wilson,168.2673518203205,155.0355665930377,181.4991370476033,13.231785227282815,low,639.0,108.81875,59.448601820320505,54.63084424358901
corn,2026,37,085,Harnett,165.4801676615902,152.2483824343074,178.71195288887301,13.231785227282815,low,680.0,106.5888888888889,58.8912787727013,55.25086093550627
corn,2026,37,151,Randolph,174.5897394013028,161.35795417402,187.82152462858562,13.231785227282815,low,595.0,110.87333333333332,63.71640606796949,57.46774643855104
corn,2026,37,097,Iredell,198.45496098987613,185.2231757625933,211.68674621715894,13.231785227282815,low,1175.0,125.59166666666665,72.86329432320947,58.01602626756777
corn,2026,37,059,Davie,195.4529903383741,182.22120511109128,208.6847755656569,13.231785227282815,low,649.0,122.4,73.05299033837409,59.683815635926535
corn,2026,37,083,Halifax,172.48703600688728,159.25525077960447,185.7188212341701,13.231785227282815,low,858.0,107.95,64.53703600688728,59.784192688177185
corn,2026,37,061,Duplin,180.27912900458506,167.04734377730225,193.51091423186787,13.231785227282815,medium,4885.0,112.66428571428571,67.61484329029935,60.014442786038856
corn,2026,37,159,Rowan,190.26166499718394,177.02987976990113,203.49345022446676,13.231785227282815,low,870.0,118.47333333333333,71.78833166385061,60.59450649697593
corn,2026,37,015,Bertie,189.37756293364535,176.14577770636254,202.60934816092816,13.231785227282815,low,961.0,115.95333333333333,73.42422960031202,63.32222411341806
corn,2026,37,017,Bladen,177.9108801772062,164.67909494992338,191.142665404489,13.231785227282815,medium,2579.0,107.73125,70.17963017720619,65.14324318821716
corn,2026,37,191,Wayne,180.37847439792023,167.14668917063742,193.61025962520304,13.231785227282815,medium,2001.0,108.31875,72.05972439792023,66.52562404747123
corn,2026,37,103,Jones,189.2205977414055,175.98881251412269,202.4523829686883,13.231785227282815,medium,1675.0,112.81818181818181,76.40241592322369,67.72172241381632
corn,2026,37,101,Johnston,167.6738178626474,154.4420326353646,180.90560308993022,13.231785227282815,low,792.0,99.91333333333334,67.76048452931407,67.81926122237346
corn,2026,37,051,Cumberland,175.75974402758865,162.52795880030584,188.99152925487147,13.231785227282815,low,860.0,103.69166666666666,72.06807736092199,69.50228468464711
corn,2026,37,065,Edgecombe,178.95558165733317,165.72379643005036,192.18736688461598,13.231785227282815,low,889.0,104.8,74.15558165733317,70.75914280279882
corn,2026,37,047,Columbus,184.07035439196113,170.83856916467832,197.30213961924395,13.231785227282815,medium,3807.0,107.26923076923077,76.80112362273036,71.59660144105375
corn,2026,37,117,Martin,175.493309127518,162.26152390023518,188.7250943548008,13.231785227282815,low,912.0,101.71000000000001,73.78330912751798,72.54282678941891
corn,2026,37,147,Pitt,177.59283051205222,164.3610452847694,190.82461573933503,13.231785227282815,medium,1619.0,101.50625000000001,76.08658051205221,74.95753267611816
corn,2026,37,133,Onslow,183.14519826643496,169.91341303915215,196.37698349371777,13.231785227282815,low,999.0,101.43333333333334,81.71186493310162,80.5572115673036
corn,2026,31,007,Banner,159.10494733183404,145.87316210455123,172.33673255911685,13.231785227282815,medium,1777.0,87.14,71.96494733183404,82.5854341655199
