year,state_fips,county_fips,county_name,predicted_yield_bu_acre,historical_avg_yield,delta_vs_historical,pct_vs_historical
2026,31,049,Deuel,78.09622938359833,108.72222222222223,-30.6259928386239,-28.169027649219736
2026,37,061,Duplin,83.40051349715581,113.20833333333333,-29.807819836177515,-26.330058007665084
2026,31,161,Sheridan,115.25687918490691,150.3272727272727,-35.07039354236581,-23.329361935536035
2026,31,157,Scotts Bluff,129.09873828894192,165.8642857142857,-36.76554742534378,-22.16604211510327
2026,37,163,Sampson,89.2713310425907,114.17692307692307,-24.905592034332372,-21.813157478024713
2026,37,107,Lenoir,92.09352954172208,117.77857142857144,-25.685041886849362,-21.80790747867615
2026,37,019,Brunswick,94.36870082393665,118.8142857142857,-24.445584890349053,-20.57461755830749
2026,37,085,Harnett,93.58309206348856,115.58571428571429,-22.002622222225725,-19.03576264436782
2026,31,013,Box Butte,125.60092750061933,151.58571428571426,-25.984786785094926,-17.141976015047074
2026,31,045,Dawes,85.72730861968013,102.55,-16.822691380319867,-16.404379698020346
2026,31,069,Garden,103.67261991592211,122.9125,-19.239880084077882,-15.653314418043635
2026,37,147,Pitt,87.51361769672002,103.70714285714287,-16.19352516042285,-15.61466714277291
2026,31,145,Red Willow,109.3929641389665,129.06363636363636,-19.670672224669858,-15.241064624312772
2026,37,007,Anson,90.54814762408519,106.55,-16.001852375914808,-15.01816271789283
2026,37,141,Pender,115.66591590058226,134.66666666666666,-19.000750766084394,-14.109468390656728
2026,31,101,Keith,130.66269700876742,150.34545454545454,-19.68275753668712,-13.091687804060848
2026,37,079,Greene,96.6259129174525,110.26923076923077,-13.643317851778278,-12.37273331518086
2026,31,123,Morrill,146.21729504029466,166.02857142857144,-19.81127638827678,-11.932450070378373
2026,31,033,Cheyenne,96.73996990209545,109.68571428571428,-12.94574438361883,-11.802580188243269
2026,31,015,Boyd,121.23311742041008,137.4,-16.166882579589924,-11.76629008703779
2026,37,165,Scotland,100.33562500163718,112.7375,-12.401874998362814,-11.000665260771983
2026,31,135,Perkins,117.17961801352412,131.0,-13.82038198647588,-10.549909913340366
2026,31,029,Chase,149.90276773909176,167.2642857142857,-17.361517975193948,-10.379692174604573
2026,17,161,Rock Island,181.82997302116672,200.76666666666665,-18.93669364549993,-9.432190094056084
2026,31,083,Harlan,158.94308140852434,174.30714285714288,-15.364061448618543,-8.814361360515493
2026,17,139,Moultrie,180.34820731657808,197.1142857142857,-16.766078397707616,-8.505765240176352
2026,31,165,Sioux,155.72338757952238,170.15384615384616,-14.43045857432378,-8.4808300843675
2026,31,103,Keya Paha,166.8940282474381,182.16923076923075,-15.275202521792664,-8.3851715557514
2026,31,065,Furnas,115.88657788457289,126.42142857142858,-10.534850686855691,-8.333121058589732
2026,31,087,Hitchcock,102.70337765156532,111.88181818181819,-9.178440530252871,-8.203692681626846
2026,31,031,Cherry,164.90242273599114,179.02222222222224,-14.119799486231102,-7.887176972199597
2026,31,139,Pierce,168.20833017522935,182.1846153846154,-13.976285209386049,-7.671495850448346
2026,17,041,Douglas,181.46872448955932,194.87692307692308,-13.408198587363756,-6.8803418976762
2026,37,131,Northampton,110.73270458282396,118.88461538461539,-8.15191080179143,-6.856993880510423
2026,37,179,Union,106.68971321864085,114.31428571428572,-7.62457249564487,-6.669833475320432
2026,17,143,Peoria,187.9411242101523,200.04285714285714,-12.101732932704834,-6.049570129896011
2026,37,101,Johnston,96.79324743038762,102.95384615384616,-6.160598723458534,-5.983845143825533
2026,31,107,Knox,160.90536804149846,170.94285714285712,-10.03748910135866,-5.871838852541419
2026,19,061,Dubuque,186.6325005014021,198.22142857142856,-11.58892807002647,-5.846455730617656
2026,31,081,Hamilton,198.23544841999367,209.7,-11.464551580006315,-5.467120448262429
2026,31,027,Cedar,172.63734146005623,181.04285714285714,-8.40551568280091,-4.642831987659305
2026,31,063,Frontier,127.09649932037502,133.24166666666667,-6.145167346291657,-4.612046291544179
2026,17,131,Mercer,189.12255552170774,198.2,-9.07744447829225,-4.579941714577322
2026,17,179,Tazewell,192.0119711497746,200.78571428571428,-8.773743135939668,-4.369704870265221
2026,31,079,Hall,187.17796655682903,195.56153846153848,-8.383571904709441,-4.2869226590576535
2026,31,137,Phelps,206.94530505853,215.53571428571428,-8.590409227184267,-3.9856082578485417
2026,31,055,Douglas,164.97401230378026,171.53333333333333,-6.559321029553075,-3.823933752168524
2026,37,103,Jones,108.56830469180636,112.81818181818181,-4.249877126375452,-3.767014374708298
2026,17,113,McLean,191.53157395794548,198.34285714285716,-6.811283184911673,-3.434095526820924
2026,17,203,Woodford,193.53958630819125,200.24285714285716,-6.703270834665915,-3.347570510284754
2026,37,091,Hertford,115.92640616504347,119.93846153846154,-4.012055373418065,-3.345094911136149
2026,17,155,Putnam,190.83917600025092,197.3166666666667,-6.477490666415775,-3.2827894246553466
2026,17,187,Warren,196.51528307422205,202.775,-6.259716925777951,-3.087025977451831
2026,31,163,Sherman,173.69268237250913,179.00714285714284,-5.314460484633713,-2.9688538679570646
2026,31,073,Gosper,178.64082120842193,184.025,-5.38417879157808,-2.9257866005043227
2026,17,167,Sangamon,195.70708706868677,201.42857142857142,-5.721484359884641,-2.8404532283115245
2026,19,113,Linn,181.20501482478886,186.43846153846152,-5.233446713672663,-2.8070638807502837
2026,31,105,Kimball,99.26636755062341,102.0125,-2.7461324493765886,-2.6919568184061644
2026,31,153,Sarpy,171.56643130337824,176.3083333333333,-4.741902029955071,-2.6895507094323796
2026,19,153,Polk,174.7280134020253,179.04999999999998,-4.321986597974671,-2.413843394568373
2026,37,051,Cumberland,104.23982962932074,106.81818181818181,-2.578352188861075,-2.413776517231645
2026,17,095,Knox,196.18365675897635,201.0,-4.816343241023645,-2.3961906671759428
2026,17,109,McDonough,189.0260186242863,193.41538461538462,-4.389365991098316,-2.2693985795528997
2026,19,163,Scott,186.4031704620608,190.70000000000002,-4.296829537939203,-2.2531880115045637
2026,31,155,Saunders,172.20946546906947,175.90769230769232,-3.698226838622844,-2.102367889719126
2026,19,071,Fremont,177.45542462414275,181.1769230769231,-3.721498452780338,-2.0540686912981103
2026,31,177,Washington,165.37529433433124,168.72857142857143,-3.353277094240184,-1.987379532612081
2026,31,017,Brown,195.42864937997615,199.225,-3.796350620023844,-1.9055593525028707
2026,31,099,Kearney,198.2785525665595,202.02307692307693,-3.7445243565174167,-1.8535131795577968
2026,17,197,Will,170.42671067952105,173.61666666666667,-3.1899559871456233,-1.8373558532085763
2026,17,029,Coles,185.03440058313603,188.49166666666667,-3.457266083530641,-1.8341744994194122
2026,31,185,York,198.46718406439518,202.11666666666667,-3.6494826022714904,-1.805631698988121
2026,19,099,Jasper,190.07293280692215,193.41538461538462,-3.342451808462471,-1.7281209636498616
2026,17,107,Logan,193.01605427030267,196.3857142857143,-3.3696600154116254,-1.7158376451503148
2026,17,147,Piatt,199.35133530724653,202.79285714285714,-3.441521835610615,-1.697062650084485
2026,17,073,Henry,192.84198769683977,195.92142857142858,-3.079440874588812,-1.5717733874455273
2026,31,183,Wheeler,190.0901743062283,192.95999999999998,-2.8698256937716735,-1.4872645593758675
2026,17,105,Livingston,184.24535043405555,186.9,-2.654649565944453,-1.4203582482313821
2026,19,127,Marshall,195.6524074980162,198.40769230769232,-2.7552848096761124,-1.3886985820102145
2026,19,019,Buchanan,188.436495140653,191.08571428571426,-2.6492191450612665,-1.3864035597659141
2026,37,167,Stanly,117.41355722786633,119.02857142857144,-1.6150142007051045,-1.3568290212356853
2026,17,067,Hancock,185.99497836754125,188.5,-2.5050216324587495,-1.3289239429489388
2026,17,175,Stark,204.79968276032164,207.29285714285714,-2.4931743825355,-1.2027304832878605
2026,17,045,Edgar,183.53445503190784,185.58461538461538,-2.050160352707536,-1.1047038292795313
2026,19,155,Pottawattamie,184.15504513060657,186.1846153846154,-2.0295702540088314,-1.0900848331728146
2026,17,039,De Witt,196.60909212203177,198.64545454545453,-2.0363624234227586,-1.0251240976454326
2026,31,175,Valley,185.3388705892953,187.1153846153846,-1.776514026089302,-0.9494216788966465
2026,17,063,Grundy,180.2052000108653,181.86153846153846,-1.6563384506731609,-0.9107689645017804
2026,31,047,Dawson,199.91823067313823,201.32500000000002,-1.4067693268617916,-0.6987554088472825
2026,19,045,Clinton,192.48346049959554,193.12857142857143,-0.6451109289758961,-0.3340318442807362
2026,31,019,Buffalo,192.0741511315625,192.6307692307692,-0.5566180992067018,-0.2889559655653352
2026,19,031,Cedar,192.58254305417086,192.99285714285716,-0.4103140886863059,-0.21260584187454318
2026,17,019,Champaign,191.62834226437153,192.0,-0.3716577356284745,-0.19357173730649713
2026,19,103,Johnson,182.46973836280165,182.60000000000002,-0.13026163719837314,-0.07133715071104771
2026,19,015,Boone,186.25382677520503,186.20000000000002,0.053826775205010335,0.028908042537599533
2026,19,137,Montgomery,179.28593716611164,179.20714285714286,0.07879430896878148,0.04396828592462596
2026,31,057,Dundy,150.41582851189582,150.2846153846154,0.13121312728043222,0.0873097535264175
2026,17,115,Macon,202.00465677029132,201.75,0.2546567702913194,0.12622392579495384
2026,19,055,Delaware,195.81576313147684,195.3714285714286,0.44433456004824734,0.22743067566084607
2026,17,071,Henderson,195.01562377609423,194.4923076923077,0.5233160837865398,0.2690677538848686
2026,19,145,Page,174.34589435487484,173.79285714285714,0.5530372120176992,0.318216307108125
2026,31,003,Antelope,193.70638018405955,192.81,0.8963801840595522,0.4649033681134548
2026,19,169,Story,182.43680325535652,181.54999999999998,0.8868032553565399,0.48846227229773614
2026,17,093,Kendall,188.98364858491104,188.01666666666665,0.966981918244386,0.5143064896255931
2026,31,141,Platte,192.03744345094995,190.93571428571428,1.1017291652356676,0.5770157612247707
2026,31,119,Madison,179.72945140188662,178.57142857142858,1.1580228304580373,0.6484927850565009
2026,31,167,Stanton,172.21819725100642,170.96923076923076,1.2489664817756534,0.7305212032342074
2026,31,089,Holt,197.15536297921332,195.62307692307692,1.5322860561363996,0.7832849172180879
2026,17,173,Shelby,183.0290539903597,181.3857142857143,1.643339704645399,0.905991803773946
2026,19,129,Mills,182.36384024036167,180.725,1.6388402403616738,0.9068143534993354
2026,17,129,Menard,193.92197605960118,192.1090909090909,1.812885150510283,0.9436748370061099
2026,19,013,Black Hawk,186.47843814938523,184.60000000000002,1.8784381493852038,1.0175721285943682
2026,19,011,Benton,188.29432572061268,186.24285714285716,2.0514685777555144,1.101501882663849
2026,17,057,Fulton,182.12247975749133,180.05714285714288,2.0653369003484556,1.1470452477339883
2026,19,139,Muscatine,186.62568399281682,184.35714285714286,2.2685411356739564,1.2305143703771946
2026,31,127,Nemaha,165.51032236487708,163.45000000000002,2.0603223648770665,1.2605214835589271
2026,31,001,Adams,200.68180572794176,198.1142857142857,2.5675200136560647,1.295979239659104
2026,17,015,Carroll,208.91418694148874,206.17142857142858,2.7427583700601588,1.330329032041374
2026,19,007,Appanoose,142.78874369739103,140.86923076923077,1.919512928160259,1.3626204371803292
2026,19,093,Ida,202.41965507982056,198.83846153846156,3.5811935413589993,1.8010567541362137
2026,31,085,Hayes,141.00071820509413,138.5,2.500718205094131,1.8055727112593003
2026,19,125,Marion,173.1923095767747,169.93076923076922,3.2615403460054893,1.9193347742551883
2026,17,007,Boone,196.81172927044992,193.04615384615383,3.765575424296088,1.9506088825250698
2026,31,059,Fillmore,195.9155345937712,192.0,3.9155345937712127,2.03934093425584
2026,17,135,Montgomery,185.98697504839393,182.12142857142857,3.8655464769653634,2.1225105180027097
2026,19,183,Washington,184.41669139197677,180.56923076923078,3.8474606227459844,2.1307398864998635
2026,31,035,Clay,189.11501037106666,185.16923076923075,3.945779601835909,2.1309045706159364
2026,17,051,Fayette,160.40518608679906,156.98333333333332,3.4218527534657426,2.1797554433373456
2026,17,119,Madison,174.94585140435902,171.09285714285716,3.8529942615018626,2.2519901332203096
2026,17,183,Vermilion,188.16143710059885,183.83076923076925,4.330667869829597,2.355790539282984
2026,31,149,Rock,195.2066842563257,190.7125,4.4941842563256955,2.3565231730094753
2026,17,099,LaSalle,192.87340541586312,188.43076923076922,4.442636185093903,2.357702090391115
2026,19,075,Grundy,201.52138995063075,196.68571428571428,4.835675664916465,2.4585800155734496
2026,31,041,Custer,185.95939842772077,181.49166666666667,4.467731761054097,2.461673223410127
2026,19,017,Bremer,196.7452865389962,192.0142857142857,4.731000824710492,2.4638796051613308
2026,31,061,Franklin,183.7394117057224,179.24285714285716,4.496554562865242,2.50863807603863
2026,17,005,Bond,166.93724599851782,162.83636363636364,4.100882362154181,2.5184069888173286
2026,31,077,Greeley,189.3201006190026,184.07857142857142,5.24152919043118,2.847441258237419
2026,19,131,Mitchell,194.34320862296678,188.56428571428572,5.778922908681068,3.0646964173466777
2026,19,105,Jones,192.54435097316585,186.4846153846154,6.0597355885504385,3.249456034779346
2026,19,087,Henry,173.49044891273093,167.97857142857143,5.511877484159498,3.281297987763447
2026,19,135,Monroe,148.9083062901078,144.13846153846154,4.7698447516462466,3.309210255705049
2026,17,011,Bureau,201.80942539098982,195.22857142857143,6.580853962418388,3.370845729323044
2026,17,123,Marshall,202.8159580389836,196.13846153846154,6.677496500522068,3.4044809203383357
2026,19,023,Butler,196.62336586072723,190.12142857142857,6.501937289298667,3.419886615703548
2026,17,017,Cass,197.76940035291784,190.95000000000002,6.819400352917825,3.5713015726199653
2026,19,115,Louisa,184.93269623868227,178.5076923076923,6.425003930989959,3.59928686989871
2026,37,191,Wayne,113.1086232958174,109.09285714285714,4.0157661529602535,3.6810532404533194
2026,19,141,O'Brien,205.47226890521162,198.15714285714284,7.315126048068777,3.6915782810526596
2026,17,053,Ford,185.04947763662446,178.12857142857143,6.920906208053026,3.8853431274658097
2026,17,137,Morgan,197.41839409500972,189.8923076923077,7.5260864027020205,3.9633445367870963
2026,19,073,Greene,191.42051992101614,183.81428571428572,7.60623420673042,4.1379994907214535
2026,17,035,Cumberland,173.21044916592595,166.275,6.935449165925945,4.171071517621979
2026,37,193,Wilkes,160.29477485075736,153.85,6.444774850757369,4.18899892801909
2026,31,053,Dodge,191.05438216067137,183.3642857142857,7.690096446385667,4.19389000231387
2026,19,187,Webster,195.87135186843295,187.8642857142857,8.007066154147253,4.262154524849304
2026,19,057,Des Moines,185.95458675597905,178.3153846153846,7.639202140594449,4.284095933209432
2026,31,093,Howard,186.87031255794818,179.15,7.720312557948176,4.309412535834873
2026,19,149,Plymouth,195.90184248344687,187.7923076923077,8.109534791139168,4.318353020309228
2026,19,097,Jackson,192.5742479457437,184.32142857142858,8.252819374315123,4.477406364673967
2026,31,011,Boone,192.666070358717,184.375,8.291070358717008,4.496851719982105
2026,19,095,Iowa,194.8006432608309,186.39999999999998,8.400643260830918,4.506782865252639
2026,19,035,Cherokee,204.4123627128348,195.56153846153845,8.850824251296359,4.525851208230841
2026,17,025,Clay,168.1319945986551,160.80769230769232,7.324302290962777,4.5546964736912745
2026,31,121,Merrick,188.38597711438632,180.15,8.235977114386316,4.571733063772587
2026,17,121,Marion,162.8097611016475,155.55714285714288,7.2526182445046175,4.662349867897173
2026,17,021,Christian,206.78213970992041,197.32142857142858,9.460711138491831,4.79456854077414
2026,17,079,Jasper,169.7944118972031,161.9846153846154,7.809796512587695,4.821319909945865
2026,19,123,Mahaska,189.11187290848045,180.3857142857143,8.72615862276615,4.837499830471454
2026,37,017,Bladen,114.38247031872133,109.10000000000001,5.282470318721323,4.841860970413678
2026,31,143,Polk,198.8478591612718,189.60833333333335,9.23952582793845,4.8729534538417525
2026,19,047,Crawford,204.5072144204166,194.77857142857144,9.728642991845163,4.994719347458003
2026,19,043,Clayton,202.09196347556522,192.39285714285714,9.699106332708084,5.041302716091078
2026,17,001,Adams,174.83707470074307,166.36153846153846,8.475536239204615,5.094648869915384
2026,17,023,Clark,182.34696982396775,173.36363636363637,8.98333346033138,5.181786474234147
2026,31,109,Lancaster,157.6620748311093,149.82857142857142,7.833503402537872,5.22831081405083
2026,19,189,Winnebago,200.62380671028245,190.6357142857143,9.988092424568151,5.239360558430594
2026,19,167,Sioux,208.15808639007946,197.71428571428572,10.443800675793739,5.282269127930359
2026,19,083,Hardin,201.25483396180795,191.04285714285714,10.211976818950802,5.34538530865592
2026,19,051,Davis,147.6514319398489,140.05384615384617,7.597585786002725,5.424760543639008
2026,19,025,Calhoun,194.5176200605756,184.47857142857143,10.039048632004182,5.441850809155478
2026,19,193,Woodbury,197.6744401208469,187.45000000000002,10.224440120846879,5.454489261588091
2026,19,195,Worth,198.2586577702566,187.87142857142857,10.387229198828038,5.528903078989907
2026,31,179,Wayne,185.21598358031676,175.40714285714284,9.808840723173915,5.592041785414946
2026,37,133,Onslow,111.3552121364002,105.44285714285715,5.9123549935430475,5.607165012166552
2026,19,053,Decatur,154.2997695805351,146.03636363636363,8.263405944171467,5.658457755595502
2026,17,097,Lake,169.13255614731216,159.98,9.152556147312168,5.72106272491072
2026,17,141,Ogle,206.6360447972675,195.44285714285712,11.193187654410366,5.727089655790701
2026,19,109,Kossuth,198.39458331490243,187.6307692307692,10.76381408413323,5.736699864452772
2026,19,079,Hamilton,193.26856866557398,182.72307692307692,10.545491742497063,5.771297156372056
2026,19,161,Sac,202.29701994799453,191.24285714285716,11.054162805137366,5.780170287290772
2026,31,023,Butler,192.4945066193022,181.91428571428574,10.58022090501646,5.81604730132835
2026,19,143,Osceola,202.82045280777885,191.52142857142857,11.299024236350277,5.899613594484165
2026,19,069,Franklin,202.83712965811276,191.4857142857143,11.351415372398463,5.928074276841931
2026,17,037,DeKalb,206.8998872603758,195.20714285714286,11.69274440323295,5.989916266429848
2026,19,151,Pocahontas,200.49612851541752,188.96153846153845,11.534590053879072,6.104199906388273
2026,17,085,Jo Daviess,197.35009750081946,185.53571428571428,11.814383215105181,6.367713763675555
2026,17,089,Kane,199.0388653058007,186.7357142857143,12.303151020086403,6.588536674490672
2026,19,147,Palo Alto,196.1964767766416,184.02857142857144,12.16790534807015,6.611965334302984
2026,19,101,Jefferson,171.81061121333178,161.14285714285714,10.667754070474643,6.620060150117244
2026,19,065,Fayette,202.61129924457245,190.00714285714284,12.604156387429612,6.633517139356211
2026,17,177,Stephenson,204.77800328615388,191.97857142857143,12.799431857582448,6.667114856797793
2026,19,027,Carroll,197.53355919325833,185.12857142857143,12.404987764686894,6.700741905456304
2026,31,071,Garfield,191.25645882234497,179.21428571428572,12.042173108059245,6.719427003301293
2026,19,085,Harrison,187.22117927692008,175.38333333333333,11.837845943586757,6.749698342822441
2026,31,111,Lincoln,184.60411085446583,172.92857142857142,11.675539425894414,6.751654356155382
2026,31,039,Cuming,195.78625016765005,183.4,12.386250167650047,6.753680571237757
2026,17,169,Schuyler,181.56583172312713,170.0,11.565831723127133,6.8034304253689015
2026,19,119,Lyon,206.86982710455501,193.68571428571428,13.184112818840731,6.806961921513875
2026,17,009,Brown,178.91220340420244,167.43076923076922,11.481434173433229,6.85742186229128
2026,31,125,Nance,184.92504220155473,172.99166666666667,11.933375534888057,6.898237218491097
2026,19,171,Tama,201.29543729726868,188.22857142857143,13.06686586869725,6.942020422046202
2026,17,163,St. Clair,171.7592568542406,160.59285714285716,11.166399711383434,6.9532355984240555
2026,17,171,Scott,187.28868991582505,175.1,12.188689915825051,6.960987958780727
2026,19,165,Shelby,203.38679658739173,190.03076923076924,13.35602735662249,7.028349888119023
2026,19,173,Taylor,168.5304704323303,157.2,11.330470432330316,7.207678392067632
2026,31,037,Colfax,195.26524852346554,182.12857142857143,13.136677094894111,7.212859021433743
2026,19,021,Buena Vista,200.01499903683063,186.54285714285714,13.472141893973486,7.222008979768295
2026,19,041,Clay,197.5635116990014,184.24285714285716,13.320654556144234,7.229943544468452
2026,31,097,Johnson,151.45251240128516,141.23076923076923,10.221743170515936,7.237617713328277
2026,19,157,Poweshiek,200.62130529899926,186.70714285714286,13.914162441856405,7.452399639848108
2026,19,081,Hancock,202.78911367449842,188.69285714285712,14.096256531641302,7.4704770202134325
2026,31,115,Loup,171.3784453492533,159.33333333333334,12.045112015919955,7.559693733840975
2026,31,169,Thayer,194.6955566792899,180.97142857142856,13.724128107861333,7.58358831346932
2026,19,003,Adams,172.2940085219412,160.01,12.284008521941217,7.677025512118755
2026,37,093,Hoke,116.1470772100368,107.65714285714286,8.48993435289394,7.886085518877068
2026,19,067,Floyd,199.5142773253355,184.75714285714284,14.757134468192675,7.987314720277487
2026,17,103,Lee,204.4373255366854,189.27142857142857,15.16589696525682,8.012776719510736
2026,17,075,Iroquois,188.6066171883696,174.56428571428572,14.04233147408388,8.044217874592837
2026,19,049,Dallas,190.94069123347683,176.72142857142856,14.219262662048266,8.046145154548148
2026,19,089,Howard,202.4050815015807,187.22857142857143,15.176510073009268,8.105872921643893
2026,31,067,Gage,160.93127047165999,148.80714285714288,12.124127614517107,8.147544117661377
2026,19,197,Wright,201.44885072904222,186.08571428571426,15.36313644332796,8.255946192483934
2026,19,091,Humboldt,199.12627514993795,183.92857142857142,15.197703721366537,8.262829207733263
2026,17,049,Effingham,189.13150284552853,174.37857142857143,14.752931416957097,8.460289183525145
2026,19,009,Audubon,199.88627932370002,184.2642857142857,15.621993609414318,8.478036614017151
2026,17,117,Macoupin,191.60132927182644,176.56428571428572,15.037043557540727,8.516469509509697
2026,19,037,Chickasaw,204.9049578959876,188.72857142857143,16.176386467416165,8.571244059640689
2026,19,107,Keokuk,185.6429693029177,170.97142857142856,14.67154073148913,8.581282179179807
2026,37,029,Camden,179.93717538748038,165.67142857142858,14.265746816051802,8.610867268462759
2026,19,033,Cerro Gordo,198.34732764029334,182.57692307692307,15.770404563370278,8.637676820046918
2026,19,175,Union,170.02905618241593,156.3923076923077,13.636748490108232,8.719577510767154
2026,31,025,Cass,180.32474971438126,165.84615384615384,14.478595868227416,8.730136655239166
2026,31,147,Richardson,176.99039233655247,162.66428571428574,14.326106622266735,8.807161670036194
2026,37,117,Martin,113.03234428176222,103.6375,9.394844281762218,9.065101224713272
2026,17,201,Winnebago,196.59622708086354,180.10714285714286,16.48908422372068,9.155152850766985
2026,31,113,Logan,193.27865550553756,177.0666666666667,16.211988838870866,9.15586719062737
2026,31,151,Saline,180.0267843803441,164.78461538461536,15.242168995728747,9.249752448159544
2026,17,195,Whiteside,206.20636021818038,188.6357142857143,17.57064593246608,9.314591353497862
2026,19,029,Cass,194.30490570085024,177.6769230769231,16.627982623927153,9.3585494030242
2026,17,033,Crawford,177.5257523738013,162.1076923076923,15.418060066109007,9.510998427418482
2026,17,101,Lawrence,185.4690706876925,169.3272727272727,16.14179796041978,9.532899042446989
2026,17,083,Jersey,189.4009623479307,172.8083333333333,16.592629014597378,9.601752817435914
2026,19,191,Winneshiek,208.09463636874085,189.4857142857143,18.608922083026556,9.820752004009792
2026,31,095,Jefferson,176.55306386972353,160.55384615384614,15.999217715877393,9.965016783557212
2026,19,005,Allamakee,203.87671747655622,185.1142857142857,18.762431762270523,10.13559363604674
2026,17,077,Jackson,163.2524889351083,148.22307692307692,15.029412012031372,10.139724747335505
2026,19,121,Madison,180.3669905784294,163.68571428571428,16.681276292715125,10.191039801798382
2026,17,153,Pulaski,174.3786217175511,158.03076923076924,16.347852486781875,10.344727527655976
2026,17,061,Greene,199.09528020199866,180.33571428571426,18.7595659162844,10.402579428367
2026,19,063,Emmet,202.46296206712378,183.38333333333333,19.079628733790457,10.404232700421954
2026,31,051,Dixon,187.2667045488814,169.29090909090908,17.97579545797231,10.618287511421729
2026,37,195,Wilson,121.24300935359538,109.59285714285714,11.650152210738241,10.630393726802803
2026,17,027,Clinton,177.96172496920997,160.74285714285716,17.218867826352806,10.712057837226238
2026,19,181,Warren,173.29494072964332,156.525,16.76994072964331,10.713905593127812
2026,31,021,Burt,197.21817687024387,177.54999999999998,19.668176870243883,11.077542590956849
2026,17,125,Mason,196.9754661266019,177.21538461538464,19.760081511217265,11.150319456802865
2026,19,179,Wapello,177.48895853903355,159.5153846153846,17.973573923648956,11.267611564229949
2026,31,043,Dakota,193.6865045133532,173.93,19.756504513353207,11.358882604124192
2026,17,111,McHenry,195.56601822652857,175.1,20.466018226528575,11.688188593105984
2026,37,139,Pasquotank,174.56738119941684,156.25454545454545,18.312835744871393,11.719873934930494
2026,19,059,Dickinson,200.00058737435347,178.94285714285712,21.05773023149635,11.76785179789833
2026,31,129,Nuckolls,185.48905067289178,165.70833333333334,19.780717339558436,11.937068547885403
2026,19,133,Monona,193.41336113310305,172.77142857142857,20.64193256167448,11.947538277800675
2026,31,159,Seward,200.0826355517879,178.58461538461538,21.498020167172513,12.038002333444291
2026,17,091,Kankakee,191.09324721024979,170.33076923076925,20.762477979480536,12.189505204048546
2026,17,189,Washington,172.6604809868894,153.78571428571428,18.874766701175133,12.273420056500319
2026,37,171,Surry,166.62816319679825,148.32857142857142,18.299591768226833,12.33719949702281
2026,19,111,Lee,183.26218809568022,162.65714285714284,20.60504523853737,12.66777768046387
2026,19,159,Ringgold,160.35031186678978,142.25,18.10031186678978,12.72429656716329
2026,17,003,Alexander,162.73241156960037,144.075,18.657411569600384,12.949791129342625
2026,37,015,Bertie,131.73898658260683,116.56428571428572,15.17470086832111,13.018310690391296
2026,19,077,Guthrie,197.2499308712824,173.77692307692308,23.47300779435932,13.507551738598165
2026,31,131,Otoe,171.09756890833535,149.2846153846154,21.812953523719955,14.611655372203812
2026,37,083,Halifax,123.87150034164554,107.95,15.92150034164554,14.748958167341861
2026,37,047,Columbus,126.65489967414834,110.18181818181819,16.473081492330152,14.950816535943208
2026,19,001,Adair,182.49926164281592,158.69166666666666,23.80759497614926,15.00242292253275
2026,17,013,Calhoun,190.4400072587368,165.07272727272726,25.36727998600955,15.367335601173314
2026,17,193,White,191.58801240283233,165.4857142857143,26.10229811711804,15.773142853921467
2026,37,097,Iredell,145.41538767018113,125.59166666666665,19.82372100351448,15.784264616957984
2026,17,149,Pike,190.39061917335417,164.1818181818182,26.20880099153598,15.9632785662733
2026,17,127,Massac,183.72753766425464,158.42727272727274,25.300264936981904,15.96963988677345
2026,37,159,Rowan,141.29134901355667,121.77857142857144,19.51277758498523,16.023161838805397
2026,17,185,Wabash,183.62470350541932,157.97692307692307,25.647780428496247,16.235143670957356
2026,37,053,Currituck,175.35645773929028,150.71428571428572,24.642172025004555,16.350256319908237
2026,19,117,Lucas,158.8589924710144,136.46363636363637,22.395356107378035,16.41122624616337
2026,17,047,Edwards,178.50013782994242,153.15454545454546,25.34559237539696,16.549030458204225
2026,31,181,Webster,177.77777738049997,152.05454545454543,25.723231925954536,16.917108166058828
2026,19,185,Wayne,167.92538070085516,143.6,24.325380700855163,16.93968015379886
2026,37,197,Yadkin,155.36476480450415,132.35,23.014764804504154,17.389319837177297
2026,17,081,Jefferson,168.59486606734464,143.40769230769232,25.187173759652325,17.563335239794036
2026,19,177,Van Buren,178.70021906358852,151.6357142857143,27.06450477787422,17.848370949655614
2026,31,007,Banner,102.88911517378415,87.14,15.749115173784148,18.073347686233816
2026,17,133,Monroe,177.9079566530018,150.42857142857142,27.479385224430388,18.267397585091427
2026,19,039,Clarke,156.98141276124008,132.32222222222222,24.659190539017857,18.635713733408405
2026,37,065,Edgecombe,124.49953948772415,104.92307692307692,19.57646256464723,18.657918866599267
2026,37,059,Davie,143.36755583381282,120.5,22.867555833812816,18.977224758350886
2026,17,157,Randolph,171.3521021764254,143.93076923076922,27.42133294565619,19.051751819439396
2026,17,199,Williamson,171.4794808731239,143.6153846153846,27.864096257739277,19.40188812804556
2026,37,095,Hyde,177.23137008641947,148.0,29.231370086419474,19.750925734067213
2026,17,059,Gallatin,197.60640590059435,164.8846153846154,32.72179051597897,19.845265999893936
2026,31,173,Thurston,200.8835398566739,167.48,33.403539856673916,19.94479332259011
2026,31,133,Pawnee,166.24402301417294,138.12142857142857,28.122594442744372,20.36077582864049
2026,37,177,Tyrrell,180.09855046674622,149.46428571428572,30.634264752460496,20.49604332303211
2026,17,055,Franklin,171.38734689323272,141.90714285714287,29.480204036089845,20.774291866172938
2026,17,181,Union,167.62115217229623,138.07500000000002,29.546152172296217,21.398625509539173
2026,37,013,Beaufort,159.69080042755147,131.3,28.390800427551454,21.62284876431946
2026,37,151,Randolph,131.91437559414504,108.10714285714286,23.80723273700218,22.02188690571725
2026,17,165,Saline,191.53820327957484,156.74615384615385,34.792049433421,22.196429436839228
2026,37,049,Craven,143.27355494695692,116.56428571428572,26.709269232671204,22.91376734220215
2026,37,187,Washington,178.0262858612915,143.19166666666666,34.83461919462485,24.327267085811453
2026,17,145,Perry,160.88685683788458,129.33333333333334,31.553523504551237,24.397054256096315
2026,37,143,Perquimans,182.1509005337963,144.48461538461538,37.66628514918091,26.06940887714166
2026,17,191,Wayne,191.6623101707817,151.82999999999998,39.83231017078171,26.234808780070946
2026,37,137,Pamlico,174.02806281806045,137.7642857142857,36.26377710377474,26.323061100889014
2026,17,159,Richland,185.1330937053165,144.79090909090908,40.342184614407415,27.862374003797424
2026,17,087,Johnson,183.5213362484015,140.14000000000001,43.38133624840148,30.955713035822377
2026,37,155,Robeson,157.0212263133423,119.16666666666667,37.85455964667564,31.766064039168366
2026,17,065,Hamilton,191.50820432082728,141.3111111111111,50.19709320971617,35.522396515760775
2026,37,031,Carteret,170.59391570484013,113.95,56.643915704840126,49.709447744484535
