year,period,state_fips,county_fips,county_name,ndvi_mean_s2,crop_pixel_count_s2,ndvi_mean_modis,crop_pixel_count_modis
2019,jun,19,149,Plymouth,0.3253187067887182,131082,0.6714308524986012,21172
2019,jun,19,193,Woodbury,0.43743766605962014,125212,0.7020939419020273,20395
2019,jun,19,027,Carroll,0.6748384611493842,104131,0.7661990686805017,17018
2019,jun,19,061,Dubuque,0.3327577435776119,78226,0.6295618510459327,12877
2019,jun,19,101,Jefferson,0.3578213448503275,38274,0.6641876758021457,6257
2019,jun,19,187,Webster,0.472929318238382,116820,0.7405184891152705,19065
2019,jun,19,111,Lee,0.3401509051276298,39423,0.6001280610723467,6445
2019,jun,19,127,Marshall,0.26856022589215167,79043,0.7073312155263789,14254
2019,jun,19,195,Worth,0.31212459454010477,64262,0.6758024368752882,10636
2019,jun,19,033,Cerro Gordo,0.3174204503028333,96813,0.7198883109277505,16005
2019,jun,19,051,Davis,0.3342431904388029,21786,0.5988456506916472,3936
2019,jun,19,179,Wapello,0.37268169187384165,28544,0.6869230107311104,4983
2019,jun,19,041,Clay,0.49306971886216855,84084,0.6510412089726955,13879
2019,jun,19,059,Dickinson,0.4633616396342672,52783,0.6240409760726888,8618
2019,jun,19,021,Buena Vista,0.53087453808887,94235,0.659668712798849,15347
2019,jun,19,013,Black Hawk,0.33898662189067225,16387,0.6988529907639712,14204
2019,jun,19,075,Grundy,0.2590913914521757,37647,0.6886377754665347,15108
2019,jun,19,017,Bremer,0.28181339830099267,34383,0.7170743898984671,12194
2019,jun,19,085,Harrison,0.6225147817030197,95439,0.7532640584941852,15572
2019,jun,19,129,Mills,0.715391448519333,48926,0.7767916601336663,8042
2019,jun,19,155,Pottawattamie,0.6729427189939786,130383,0.7351678296080838,21340
2019,jun,19,123,Mahaska,0.37216397051927713,70081,0.6990860482861339,11602
2019,jun,19,125,Marion,0.38430543056077915,42694,0.7313907889548346,6915
2019,jun,19,053,Decatur,0.4085225613024217,16132,0.6346540190410338,2859
2019,jun,19,031,Cedar,0.2978487168078254,87506,0.5514548462200181,14280
2019,jun,19,151,Pocahontas,0.5844348178117709,102212,0.6807482598044371,16933
2019,jun,19,109,Kossuth,0.419342684220165,177308,0.7134204455408062,28946
2019,jun,19,089,Howard,0.3081383031467691,57974,0.648774978439544,12974
2019,jun,19,147,Palo Alto,0.5766970084785469,93427,0.7064902214497061,15240
2019,jun,19,159,Ringgold,0.4698477477479789,26661,0.6431759835526081,4356
2019,jun,19,025,Calhoun,0.640731854649202,100045,0.725282969966422,16342
2019,jun,19,039,Clarke,0.43436093350851446,17492,0.6288379264391208,2842
2019,jun,19,065,Fayette,0.3305668199175949,57878,0.7084453003784276,18647
2019,jun,19,001,Adair,0.48499326021314215,64845,0.664897794091952,10647
2019,jun,19,037,Chickasaw,0.27439257905486153,65324,0.6704521884654427,14320
2019,jun,19,081,Hancock,0.3094229281433542,111769,0.7187547469311131,18097
2019,jun,19,157,Poweshiek,0.3582892838330991,84549,0.6904071486640775,14262
2019,jun,19,165,Shelby,0.7032846651161462,98518,0.7821076191989449,16220
2019,jun,19,185,Wayne,0.3587476522144235,29642,0.6072686277344314,5171
2019,jun,19,097,Jackson,0.3334158715554922,61140,0.601274190759291,10168
2019,jun,19,043,Clayton,0.3284258486581238,81609,0.6634847146033487,13525
2019,jun,19,007,Appanoose,0.36629165403218555,11131,0.6224567336893531,2684
2019,jun,19,177,Van Buren,0.35462909130549436,25125,0.6137965977956363,4092
2019,jun,19,197,Wright,0.3735900260014568,103035,0.7251790154109099,16853
2019,jun,19,137,Montgomery,0.7085076719949491,53264,0.7616403441355043,8770
2019,jun,19,175,Union,0.4917598558585622,31317,0.6252171636207234,5136
2019,jun,19,107,Keokuk,0.3568649399979696,65027,0.6762555973000637,10938
2019,jun,19,131,Mitchell,0.24811890122127347,81636,0.6613067968223643,14562
2019,jun,19,191,Winneshiek,0.34797350466854676,64532,0.6868380031129361,15296
2019,jun,19,161,Sac,0.6867524936735913,97695,0.7490983231713296,16067
2019,jun,19,055,Delaware,0.33187164396004465,112146,0.6794380114632237,18489
2019,jun,19,067,Floyd,0.2610463215888905,71543,0.6755431647633678,13675
2019,jun,19,009,Audubon,0.6106865003560727,66116,0.7426064638215406,10747
2019,jun,19,079,Hamilton,0.41842063980355,108207,0.709332071011547,17668
2019,jun,19,069,Franklin,0.31273667786616843,108956,0.6844352288489539,18942
2019,jun,19,141,O'Brien,0.3379225091163671,98694,0.6032904885635014,16138
2019,jun,19,167,Sioux,0.3155985858753707,148606,0.6670294114022506,24252
2019,jun,19,005,Allamakee,0.3345962007338487,42553,0.6575569379064391,6937
2019,jun,19,189,Winnebago,0.3593104398833298,70803,0.7087587355774511,11723
2019,jun,19,093,Ida,0.6754126856838443,73422,0.7404751345198365,11941
2019,jun,19,029,Cass,0.6302556884119722,77892,0.7166718156825962,12721
2019,jun,19,083,Hardin,0.3294026003928617,107799,0.6912653787450597,17816
2019,jun,19,173,Taylor,0.4372803226295942,49165,0.676637116015039,8038
2019,jun,19,145,Page,0.6989119550821814,62946,0.732317846637213,10339
2019,jun,19,035,Cherokee,0.4932695221420882,85617,0.6950410040713432,13917
2019,jun,19,071,Fremont,0.751746012294878,51380,0.7704802615278227,8431
2019,jun,19,095,Iowa,0.3451013063070482,65991,0.6245524122588587,10975
2019,jun,19,023,Butler,0.2727244675052035,80838,0.6963062776462027,16477
2019,jun,19,063,Emmet,0.4512520544490428,64071,0.674523295764881,10502
2019,jun,19,047,Crawford,0.6515471384519174,116571,0.764182265886548,19132
2019,jun,19,019,Buchanan,0.31782474590299437,90746,0.7103654432858832,18937
2019,jun,19,143,Osceola,0.283023371097365,68006,0.5826657969041675,11142
2019,jun,19,073,Greene,0.5013396364961453,97934,0.7679042583021523,15998
2019,jun,19,087,Henry,0.3334304437846133,41288,0.6432528229375418,6753
2019,jun,19,119,Lyon,0.28477376237871804,106543,0.5739202798761807,17327
2019,jun,19,003,Adams,0.481762074832349,40478,0.6581363549237378,6663
2019,jun,19,133,Monona,0.5754617455655211,98048,0.7438057368842842,16120
2019,jun,19,091,Humboldt,0.4657812997656207,76746,0.7249921501556006,12611
2019,jun,19,115,Louisa,0.3430577229274303,42467,0.6336816811170386,7056
2019,jun,19,171,Tama,0.33887745540266134,41997,0.6562939813386277,16003
2019,jun,19,135,Monroe,0.39748483053761474,13651,0.6703132303734993,2274
2019,jun,19,117,Lucas,0.3723538101735869,16680,0.6410785484955512,2742
2019,jun,19,057,Des Moines,0.32727338655287375,37367,0.6294341550679852,6136
2019,jun,19,011,Benton,0.3667401612281153,60011,0.6659027138631404,17665
2019,jun,19,113,Linn,0.3480374128668749,86592,0.6616691377778934,14292
2019,jun,19,105,Jones,0.3230794626446719,84660,0.6030687954560248,14055
2019,jun,19,103,Johnson,0.33165247886562793,59663,0.5772298386962217,9752
2019,jun,19,183,Washington,0.3532665512287672,64940,0.656821621596978,10624
2019,jun,19,045,Clinton,0.303190652054102,104630,0.5805599580685173,17424
2019,jun,19,163,Scott,0.2895113488407149,57973,0.583165126819574,9559
2019,jun,19,139,Muscatine,0.3178722942261655,48281,0.5715548367669268,7982
2019,jun,19,169,Story,0.3888500860420918,94748,0.7410471954462325,15380
2019,jun,19,015,Boone,0.4994236839552988,90919,0.7660721664935844,14844
2019,jun,19,121,Madison,0.5020372988082593,39730,0.70892479128822,6430
2019,jun,19,181,Warren,0.4072252283563953,37802,0.7288530647831953,6179
2019,jun,19,049,Dallas,0.5340727694540286,73373,0.7663406969188025,12025
2019,jun,19,153,Polk,0.4154663479948289,45471,0.734524048984812,7477
2019,jun,19,077,Guthrie,0.48337190383270734,64694,0.7345461209925271,10572
2019,jun,19,099,Jasper,0.3379064177385668,101691,0.7421045624149184,16713
2022,jun,19,149,Plymouth,0.5206665973676743,128777,0.7020307951799779,21135
2022,jun,19,193,Woodbury,0.4756856379776873,111659,0.6940269772692398,18413
2022,jun,19,027,Carroll,0.49426541179988687,97568,0.7212281691761194,16109
2022,jun,19,061,Dubuque,0.47187134595874336,73313,0.6936472561409732,12189
2022,jun,19,101,Jefferson,0.57412084252639,35816,0.7728711185809225,5910
2022,jun,19,187,Webster,0.5748874242929198,107563,0.7370759455379928,17695
2022,jun,19,111,Lee,0.5787583814266424,37711,0.7465550707165418,6165
2022,jun,19,127,Marshall,0.5721505744854374,81001,0.6940187606540961,13514
2022,jun,19,195,Worth,0.4937871543958994,64116,0.683018115239675,10652
2022,jun,19,033,Cerro Gordo,0.4901732334105143,91697,0.656983417527674,15156
2022,jun,19,051,Davis,0.5597881988059753,20654,0.7211260401790248,3392
2022,jun,19,179,Wapello,0.5769575145263333,28129,0.7785900600352567,4608
2022,jun,19,041,Clay,0.4826170691742986,84329,0.6846823576786896,13832
2022,jun,19,059,Dickinson,0.4515796821078493,53212,0.6577581387822945,8732
2022,jun,19,021,Buena Vista,0.502627832339847,89823,0.6935725623867881,14738
2022,jun,19,013,Black Hawk,0.4531347529620908,76091,0.6598780832434774,12506
2022,jun,19,075,Grundy,0.4532419812137177,85468,0.6136446465796833,14125
2022,jun,19,017,Bremer,0.480911615454136,63322,0.6570471004361753,10635
2022,jun,19,085,Harrison,0.5414975024095877,95967,0.7241951851435007,15926
2022,jun,19,129,Mills,0.5855421128168274,53646,0.7437980013149438,8868
2022,jun,19,155,Pottawattamie,0.5606306036748155,129867,0.7162989755474409,21496
2022,jun,19,123,Mahaska,0.5879386969435105,66975,0.7481020005339966,11061
2022,jun,19,125,Marion,0.5592937575654218,39632,0.713314826575197,6630
2022,jun,19,053,Decatur,0.45095379158813886,15036,0.689937977439886,2441
2022,jun,19,031,Cedar,0.5382019373892598,82001,0.7558934128623102,13569
2022,jun,19,151,Pocahontas,0.5786747001125918,98505,0.7318746171789701,16263
2022,jun,19,109,Kossuth,0.5565742722239957,165112,0.7200705732467437,27082
2022,jun,19,089,Howard,0.43002290653182124,76941,0.6126777327110087,12623
2022,jun,19,147,Palo Alto,0.5122995964390713,95600,0.7258755947372367,15629
2022,jun,19,159,Ringgold,0.5268690552216212,26555,0.7340910444602671,4372
2022,jun,19,025,Calhoun,0.6119691098132337,97144,0.7377827212802419,16000
2022,jun,19,039,Clarke,0.4887236275789528,14871,0.707020246158162,2434
2022,jun,19,065,Fayette,0.43596712896084266,99282,0.6254974799711924,16429
2022,jun,19,001,Adair,0.4846713291635101,58889,0.669802155654715,9867
2022,jun,19,037,Chickasaw,0.44688499114081853,81350,0.6183024422034762,13461
2022,jun,19,081,Hancock,0.5075044596083058,95391,0.6668088529106562,15702
2022,jun,19,157,Poweshiek,0.5480212873688518,74868,0.7336711192848878,12373
2022,jun,19,165,Shelby,0.4661320669618986,92481,0.6999099827552121,15379
2022,jun,19,185,Wayne,0.47546623809046645,29670,0.7064623907020234,4858
2022,jun,19,097,Jackson,0.48265592150816455,55778,0.7135715479660774,9247
2022,jun,19,043,Clayton,0.4276878203963683,69757,0.646896844957297,11448
2022,jun,19,007,Appanoose,0.4860603349951962,14196,0.6954826985979288,2320
2022,jun,19,177,Van Buren,0.5554852095643246,26547,0.7449229354446795,4336
2022,jun,19,197,Wright,0.5089496523276037,95966,0.6686382826553403,15789
2022,jun,19,137,Montgomery,0.5872819315282973,50921,0.7296566127508255,8304
2022,jun,19,175,Union,0.49477210538779814,27970,0.6964119890372785,4620
2022,jun,19,107,Keokuk,0.5542511388938545,60711,0.7732848657239653,10064
2022,jun,19,131,Mitchell,0.4354682290588458,83110,0.6277726710667876,13798
2022,jun,19,191,Winneshiek,0.4004231197636296,81565,0.619214482770763,13471
2022,jun,19,161,Sac,0.5246986835521285,91563,0.70717456307328,15062
2022,jun,19,055,Delaware,0.49342927716741997,97940,0.7110384865068149,16356
2022,jun,19,067,Floyd,0.4610543770082048,78741,0.6337850615879385,13035
2022,jun,19,009,Audubon,0.41686542237419727,62480,0.6875213688526334,10310
2022,jun,19,079,Hamilton,0.5125989166511266,99356,0.6793478719997306,16257
2022,jun,19,069,Franklin,0.4892853209872571,104395,0.6503692768383428,17108
2022,jun,19,141,O'Brien,0.5030385130728828,93590,0.7040792865142005,15460
2022,jun,19,167,Sioux,0.5481558051824622,135971,0.7212003080856931,22613
2022,jun,19,005,Allamakee,0.41696830925769207,36782,0.6452699950824627,5964
2022,jun,19,189,Winnebago,0.5454487304134887,65588,0.7009428717164046,10798
2022,jun,19,093,Ida,0.4662785567146975,68401,0.693262172923658,11161
2022,jun,19,029,Cass,0.4744546139512693,69816,0.6942655992481632,11546
2022,jun,19,083,Hardin,0.4941672804352404,94574,0.6553049306849341,15614
2022,jun,19,173,Taylor,0.5386475784797474,42537,0.7291981770936444,6982
2022,jun,19,145,Page,0.5775809778774842,62891,0.735372488415261,10260
2022,jun,19,035,Cherokee,0.48887077205871576,82198,0.689579001988429,13538
2022,jun,19,071,Fremont,0.6562776244419894,61658,0.7811293582927717,10129
2022,jun,19,095,Iowa,0.5189331278958406,67828,0.7541523945576818,11228
2022,jun,19,023,Butler,0.46441753874424135,88921,0.6485076879944822,14672
2022,jun,19,063,Emmet,0.4874347986393145,62296,0.7072181299327341,10174
2022,jun,19,047,Crawford,0.4343150934428501,111008,0.6916672598481957,18280
2022,jun,19,019,Buchanan,0.45486218722483845,98266,0.6774235749808198,16380
2022,jun,19,143,Osceola,0.4910713396865008,66292,0.6870072830700875,10994
2022,jun,19,073,Greene,0.5018667613124397,90195,0.6965094354385752,14663
2022,jun,19,087,Henry,0.5533298771867415,41852,0.7600059190495253,6884
2022,jun,19,119,Lyon,0.5133347375750796,100301,0.6902682246952637,16462
2022,jun,19,003,Adams,0.5244708096290014,36410,0.7028939356965386,6018
2022,jun,19,133,Monona,0.5257005394473584,90921,0.7283752276641916,15142
2022,jun,19,091,Humboldt,0.5483940214727978,72096,0.7253966161070596,11857
2022,jun,19,115,Louisa,0.6038277968427929,42355,0.7757455707279646,7020
2022,jun,19,171,Tama,0.551935854696554,93225,0.6898331892562467,15271
2022,jun,19,135,Monroe,0.5028346801194825,12244,0.7385471303626977,1993
2022,jun,19,117,Lucas,0.47322318215086323,15004,0.7007965369156529,2421
2022,jun,19,057,Des Moines,0.5820922446702104,37519,0.7652305334354231,6230
2022,jun,19,011,Benton,0.5024048136469469,103881,0.7155464941969878,17234
2022,jun,19,113,Linn,0.5094049214968337,78782,0.709709486147263,13049
2022,jun,19,105,Jones,0.4916126022694948,79733,0.7095192433705543,13189
2022,jun,19,103,Johnson,0.5573485354972019,57569,0.7585162912506785,9603
2022,jun,19,183,Washington,0.5859629355650755,61643,0.7740966794383632,10120
2022,jun,19,045,Clinton,0.5140326604633154,100070,0.757910216270097,16604
2022,jun,19,163,Scott,0.5721466012232777,57113,0.7783728784498218,9435
2022,jun,19,139,Muscatine,0.6230573405928934,48509,0.7809943853195075,8081
2022,jun,19,169,Story,0.5136067338418322,86743,0.6790969194149971,14142
2022,jun,19,015,Boone,0.4847742851514581,82937,0.6783547438920888,13749
2022,jun,19,121,Madison,0.5239073692091483,37340,0.7043227018965076,6158
2022,jun,19,181,Warren,0.5688204700959332,32660,0.7218093412699337,5389
2022,jun,19,049,Dallas,0.5241998575131903,71582,0.7061911324886517,11850
2022,jun,19,153,Polk,0.5560691357824281,41895,0.6943569211588461,6793
2022,jun,19,077,Guthrie,0.4703235115695014,58382,0.6900438200584544,9620
2022,jun,19,099,Jasper,0.6170417387251719,94144,0.7205919985614134,15576
2024,jun,19,149,Plymouth,0.4011586904292805,133251,0.7291626623298695,21910
2024,jun,19,193,Woodbury,0.35604393088777836,102878,0.733645775630816,19651
2024,jun,19,027,Carroll,0.5239926545437344,34058,0.7973223730152342,16296
2024,jun,19,061,Dubuque,0.536730813594175,85128,0.721151857124607,14143
2024,jun,19,101,Jefferson,0.5852599363427211,38330,0.7562797471362939,6380
2024,jun,19,187,Webster,0.49428842989401106,110679,0.7665052797228008,18075
2024,jun,19,111,Lee,0.5207439063757812,39717,0.7817114959570363,6518
2024,jun,19,127,Marshall,0.5286750596946705,84774,0.8015984700494633,14056
2024,jun,19,195,Worth,0.4337403180036519,61468,0.703709273037875,10128
2024,jun,19,033,Cerro Gordo,0.4254174336674185,92051,0.6959407315664511,15201
2024,jun,19,051,Davis,0.5158162104766474,22962,0.6941455141776078,3737
2024,jun,19,179,Wapello,0.5781710103036924,30648,0.7324558582916836,5058
2024,jun,19,041,Clay,0.2075287915702884,7435,0.631577691477353,13229
2024,jun,19,059,Dickinson,0.2393391665842266,3586,0.5909961606848453,8414
2024,jun,19,021,Buena Vista,0.21984225639166438,10627,0.694444572805437,14745
2024,jun,19,013,Black Hawk,0.6151888512230923,79049,0.75657443083845,13072
2024,jun,19,075,Grundy,0.5664452808195604,86123,0.7785816284993535,14279
2024,jun,19,017,Bremer,0.5268263613142797,65959,0.7358796019279082,10992
2024,jun,19,085,Harrison,0.5847344307045449,80534,0.7615247924091556,17107
2024,jun,19,129,Mills,0.5279585010053525,47470,0.8254538856034778,9106
2024,jun,19,155,Pottawattamie,0.5733519488156057,130474,0.7832248690249826,22324
2024,jun,19,123,Mahaska,0.6778198326804608,68861,0.7823967677940868,11401
2024,jun,19,125,Marion,0.6717361590344632,40760,0.7530850718564671,6733
2024,jun,19,053,Decatur,0.5368176681257448,16622,0.7236811810765473,2703
2024,jun,19,031,Cedar,0.5644579479126511,83361,0.7756350345591195,13923
2024,jun,19,151,Pocahontas,0.27971962938612066,95715,0.7439419529396767,16337
2024,jun,19,109,Kossuth,0.35984899846856605,131873,0.7269818795251485,27239
2024,jun,19,089,Howard,0.4497077392324153,76990,0.7062346009918758,12703
2024,jun,19,147,Palo Alto,0.2472713670884197,77218,0.7038990244858668,15303
2024,jun,19,159,Ringgold,0.5476852838095392,28890,0.8009245721880577,4700
2024,jun,19,025,Calhoun,0.40059665286569685,57523,0.8254196589701555,15975
2024,jun,19,039,Clarke,0.5679401705371413,16487,0.7206604863302765,2698
2024,jun,19,065,Fayette,0.45711381182070265,106763,0.6924983401366878,17755
2024,jun,19,001,Adair,0.529653066208925,60155,0.7817115642977142,10116
2024,jun,19,037,Chickasaw,0.4623280469595514,84295,0.7017195290402479,14005
2024,jun,19,081,Hancock,0.4119140698300462,101286,0.6932213571745255,16554
2024,jun,19,157,Poweshiek,0.6471742952958218,78174,0.7969477746540673,12936
2024,jun,19,165,Shelby,0.5838557747328454,82815,0.7781852318555923,15904
2024,jun,19,185,Wayne,0.5822824602482096,30563,0.7184537072028254,5029
2024,jun,19,097,Jackson,0.583776383876356,68532,0.7549353481598426,11472
2024,jun,19,043,Clayton,0.48714815851635895,80780,0.7497646622727754,13494
2024,jun,19,007,Appanoose,0.5399697256829042,17461,0.7258632840648315,2880
2024,jun,19,177,Van Buren,0.5819702940608296,27989,0.7702397783058272,4583
2024,jun,19,197,Wright,0.4549019373089133,97136,0.6983918055385707,15945
2024,jun,19,137,Montgomery,0.604360261424665,45373,0.8224465389247556,8858
2024,jun,19,175,Union,0.5073668316309343,29190,0.7549823444655286,4855
2024,jun,19,107,Keokuk,0.596612072860608,64449,0.7786535398218642,10767
2024,jun,19,131,Mitchell,0.436790634882484,86754,0.7482255211796666,14315
2024,jun,19,191,Winneshiek,0.4844670577437046,94494,0.7209758062909689,15811
2024,jun,19,161,Sac,0.5947106763992716,30100,0.7617847487067275,15469
2024,jun,19,055,Delaware,0.60756336689731,106584,0.7683453135286228,17757
2024,jun,19,067,Floyd,0.4026486639506094,81298,0.6854910371947657,13485
2024,jun,19,009,Audubon,0.5928444349210832,29113,0.7878816306791676,10736
2024,jun,19,079,Hamilton,0.4997760989242875,101804,0.7042242267480718,16684
2024,jun,19,069,Franklin,0.46464051367298026,107672,0.7098481616001486,17806
2024,jun,19,141,O'Brien,0.3491768536149665,66922,0.6363104287596494,15334
2024,jun,19,167,Sioux,0.4412513487560922,139619,0.7124420576008416,22910
2024,jun,19,005,Allamakee,0.49871298538225994,52595,0.743168658453496,8791
2024,jun,19,189,Winnebago,0.3965951225376003,65330,0.6839610329631095,10900
2024,jun,19,093,Ida,0.6247901558430752,43762,0.7550445635043516,11415
2024,jun,19,029,Cass,0.5635136196226035,64965,0.7917567697174565,12079
2024,jun,19,083,Hardin,0.4909505463949999,99698,0.7493915460280408,16577
2024,jun,19,173,Taylor,0.5422079279433604,44290,0.7881690582418065,7244
2024,jun,19,145,Page,0.6361735381950081,60238,0.8208543552647924,10834
2024,jun,19,035,Cherokee,0.4688575998546752,38321,0.7354040869104778,13726
2024,jun,19,071,Fremont,0.6617412178299891,65637,0.8499250280569247,11109
2024,jun,19,095,Iowa,0.6023943417655895,70542,0.788740134793995,11720
2024,jun,19,023,Butler,0.5544408958985758,88176,0.7620914499230746,14597
2024,jun,19,063,Emmet,0.25289626559226114,47143,0.6641196622586386,10053
2024,jun,19,047,Crawford,0.4667067213470585,61605,0.7600536386258363,19335
2024,jun,19,019,Buchanan,0.5828307117034385,107299,0.7264582488173061,17718
2024,jun,19,143,Osceola,0.42587514209207356,60888,0.6443258302557249,10828
2024,jun,19,073,Greene,0.526044850997233,82943,0.8062867705876435,14280
2024,jun,19,087,Henry,0.5623663419899843,42746,0.7862854195885016,7046
2024,jun,19,119,Lyon,0.4774784729736165,100701,0.7062009087028904,16637
2024,jun,19,003,Adams,0.5414762622170727,38546,0.7883153155492219,6436
2024,jun,19,133,Monona,0.392242253790265,68904,0.7296697464677422,16023
2024,jun,19,091,Humboldt,0.4170972190030053,68223,0.7193514337364411,11218
2024,jun,19,115,Louisa,0.5758335345472788,43466,0.8056280633440851,7330
2024,jun,19,171,Tama,0.5889485755605466,96665,0.7806387789855167,15802
2024,jun,19,135,Monroe,0.5271772468035708,13645,0.6933222130740265,2222
2024,jun,19,117,Lucas,0.5430990711701302,17385,0.6892143626795532,2855
2024,jun,19,057,Des Moines,0.47631845916682625,39030,0.7673735564442717,6450
2024,jun,19,011,Benton,0.6366217903600778,104746,0.771044763162809,17309
2024,jun,19,113,Linn,0.6428750851158783,80488,0.7707310555695238,13390
2024,jun,19,105,Jones,0.6051018557583802,83637,0.7660688757441981,14035
2024,jun,19,103,Johnson,0.6090244440782528,62354,0.7887617890825465,10410
2024,jun,19,183,Washington,0.6261563706113584,64985,0.784352148894106,10682
2024,jun,19,045,Clinton,0.5529106428742188,104405,0.7260153789789376,17359
2024,jun,19,163,Scott,0.6032358677516572,60071,0.7665549991111077,9924
2024,jun,19,139,Muscatine,0.6333392886297164,50376,0.8133230869332335,8338
2024,jun,19,169,Story,0.49148877571922833,85932,0.7257197450493028,14131
2024,jun,19,015,Boone,0.532445321119603,84752,0.7483160201135028,14082
2024,jun,19,121,Madison,0.6323587519506277,39336,0.7842681640170452,6463
2024,jun,19,181,Warren,0.6426246447514281,33302,0.7529187660638902,5511
2024,jun,19,049,Dallas,0.6437577247051058,70987,0.7916616631408251,11809
2024,jun,19,153,Polk,0.5851247170279464,41270,0.7590341177674169,6920
2024,jun,19,077,Guthrie,0.5158481136563655,57624,0.7955802682457597,10354
2024,jun,19,099,Jasper,0.6350276458972237,95040,0.7841788532351377,15769
2019,jul,19,149,Plymouth,0.872519267231223,131082,0.8959888348875662,21172
2019,jul,19,193,Woodbury,0.8589884642637391,125212,0.8651404746623605,20395
2019,jul,19,027,Carroll,0.8761228392059786,104505,0.878556510328842,17018
2019,jul,19,061,Dubuque,0.8006595908194478,78220,0.8618917355603987,12877
2019,jul,19,101,Jefferson,0.7419505914278217,38274,0.8320078228184872,6257
2019,jul,19,187,Webster,0.8513884567325819,116872,0.8640250752990141,19065
2019,jul,19,111,Lee,0.7300253212061647,39423,0.8221932323355657,6445
2019,jul,19,127,Marshall,0.8499191407915078,87185,0.8690711167012033,14254
2019,jul,19,195,Worth,0.8588677425535315,64262,0.8683771865984264,10636
2019,jul,19,033,Cerro Gordo,0.8761321047591987,97447,0.8822337375905396,16005
2019,jul,19,051,Davis,0.6940130628602533,24369,0.8234920962624381,3936
2019,jul,19,179,Wapello,0.7835561085508175,30170,0.8390585333641384,4983
2019,jul,19,041,Clay,0.8245025236451208,84689,0.8690815139151763,13879
2019,jul,19,059,Dickinson,0.846297145875207,52927,0.8716025052150811,8618
2019,jul,19,021,Buena Vista,0.8512741133896822,94259,0.8807601663360455,15347
2019,jul,19,013,Black Hawk,0.821364417707272,86393,0.8647615649780596,14204
2019,jul,19,075,Grundy,0.8547949310328554,91952,0.8843746429813985,15108
2019,jul,19,017,Bremer,0.8282747121390176,73567,0.8781633398685819,12194
2019,jul,19,085,Harrison,0.8544626315505381,95439,0.8528798965651578,15572
2019,jul,19,129,Mills,0.8575004037712752,48926,0.8597615929553907,8042
2019,jul,19,155,Pottawattamie,0.8585130502770495,130383,0.8597802716879469,21340
2019,jul,19,123,Mahaska,0.8023193661027231,70081,0.8474341572974707,11602
2019,jul,19,125,Marion,0.7886709009264138,42694,0.8328813047452079,6915
2019,jul,19,053,Decatur,0.7146962342269877,17595,0.797572486441906,2859
2019,jul,19,031,Cedar,0.8006037137375664,87506,0.8386636225101032,14280
2019,jul,19,151,Pocahontas,0.8517679313569748,102867,0.8668142982991811,16933
2019,jul,19,109,Kossuth,0.8681319490299911,177326,0.880946440306934,28946
2019,jul,19,089,Howard,0.8266327988619999,71317,0.8667381078418559,12974
2019,jul,19,147,Palo Alto,0.8575475846691315,93888,0.8770341968206802,15240
2019,jul,19,159,Ringgold,0.7509381605605187,26661,0.7997175127182741,4356
2019,jul,19,025,Calhoun,0.8591117462770123,100046,0.8614922388655969,16342
2019,jul,19,039,Clarke,0.7383566778964917,17492,0.7958186348650963,2842
2019,jul,19,065,Fayette,0.8492437287836678,113008,0.8743423935720132,18647
2019,jul,19,001,Adair,0.8176360557855207,64845,0.8199787196261985,10647
2019,jul,19,037,Chickasaw,0.8415302014609056,86149,0.8780711911131955,14320
2019,jul,19,081,Hancock,0.870458893732744,111769,0.8837691772082038,18097
2019,jul,19,157,Poweshiek,0.8233622362991689,86114,0.8495056526973667,14262
2019,jul,19,165,Shelby,0.8812302472526108,98518,0.8817842901719714,16220
2019,jul,19,185,Wayne,0.6791227929311391,31867,0.805055162845302,5171
2019,jul,19,097,Jackson,0.7926890629078304,61140,0.8416479476723564,10168
2019,jul,19,043,Clayton,0.832206158768673,81609,0.8699856095515248,13525
2019,jul,19,007,Appanoose,0.6848140560877656,16451,0.8210251102206506,2684
2019,jul,19,177,Van Buren,0.6987342885548815,25125,0.8275874146094793,4092
2019,jul,19,197,Wright,0.8734713589534786,103035,0.8771618739443465,16853
2019,jul,19,137,Montgomery,0.8481713957251333,53264,0.8584340098156311,8770
2019,jul,19,175,Union,0.7702407651052073,31317,0.8043466829233664,5136
2019,jul,19,107,Keokuk,0.7988895545374626,65706,0.8422933600211888,10938
2019,jul,19,131,Mitchell,0.8438884728107718,82213,0.8709815666863671,14562
2019,jul,19,191,Winneshiek,0.8377302564961064,89490,0.867016648706422,15296
2019,jul,19,161,Sac,0.8714327801696116,97747,0.8766742467133986,16067
2019,jul,19,055,Delaware,0.8450929664895073,112146,0.8768033695313033,18489
2019,jul,19,067,Floyd,0.8415969943340209,74046,0.8800830958554478,13675
2019,jul,19,009,Audubon,0.8701253244831751,66135,0.872356251616519,10747
2019,jul,19,079,Hamilton,0.8645805759872504,108225,0.867461413793684,17668
2019,jul,19,069,Franklin,0.8723750404194464,104539,0.8806279192696531,18942
2019,jul,19,141,O'Brien,0.8637747848867209,98949,0.89419307062787,16138
2019,jul,19,167,Sioux,0.8611906896636661,148606,0.888108185953544,24252
2019,jul,19,005,Allamakee,0.8214236815279042,42711,0.8608221571136616,6937
2019,jul,19,189,Winnebago,0.8643345261240986,70803,0.8838674114783004,11723
2019,jul,19,093,Ida,0.8781697716736488,73422,0.8789024073766047,11941
2019,jul,19,029,Cass,0.854548319703241,77893,0.8587108385212454,12721
2019,jul,19,083,Hardin,0.862229890620616,104640,0.8737109983822571,17816
2019,jul,19,173,Taylor,0.7620357924771436,49165,0.8120975511021565,8038
2019,jul,19,145,Page,0.8216024464033297,62946,0.8410066625025242,10339
2019,jul,19,035,Cherokee,0.8727062441118881,85617,0.8931877312167343,13917
2019,jul,19,071,Fremont,0.849534701049055,51380,0.8642971567705032,8431
2019,jul,19,095,Iowa,0.8001900036591193,65991,0.8290226098609095,10975
2019,jul,19,023,Butler,0.8450845251085716,88449,0.8826634580490211,16477
2019,jul,19,063,Emmet,0.8616989058508662,64078,0.8779983340190567,10502
2019,jul,19,047,Crawford,0.8809466103131007,116657,0.8828856895674388,19132
2019,jul,19,019,Buchanan,0.8318850209785976,114417,0.8709057132062085,18937
2019,jul,19,143,Osceola,0.8543080882897117,68006,0.8765980960032433,11142
2019,jul,19,073,Greene,0.8663111541998728,97948,0.8717390492622012,15998
2019,jul,19,087,Henry,0.734584612326633,41288,0.8187637967311,6753
2019,jul,19,119,Lyon,0.8468796503492173,106543,0.8667707483939308,17327
2019,jul,19,003,Adams,0.8050594263761125,40478,0.8297429663750627,6663
2019,jul,19,133,Monona,0.8592431568075237,98048,0.8623660590447811,16120
2019,jul,19,091,Humboldt,0.8651887673794523,76767,0.8768366906362675,12611
2019,jul,19,115,Louisa,0.7245454691055623,42467,0.8015540935756682,7056
2019,jul,19,171,Tama,0.8318198945359278,96261,0.8630613077216808,16003
2019,jul,19,135,Monroe,0.7364788238895252,14383,0.81908717951399,2274
2019,jul,19,117,Lucas,0.6997056722177796,16680,0.8087408069412948,2742
2019,jul,19,057,Des Moines,0.7381734034798764,37367,0.8139140889981107,6136
2019,jul,19,011,Benton,0.8419998807822406,107846,0.8594696078235956,17665
2019,jul,19,113,Linn,0.8413768316394314,86592,0.8537044675772352,14292
2019,jul,19,105,Jones,0.8057867239429928,84660,0.8553275609934325,14055
2019,jul,19,103,Johnson,0.7574905512075782,59663,0.8134338889931149,9752
2019,jul,19,183,Washington,0.76655474669994,64940,0.8241770921365364,10624
2019,jul,19,045,Clinton,0.7939697341333161,104630,0.8348688863572595,17424
2019,jul,19,163,Scott,0.7999998139174371,57973,0.8224546607057719,9559
2019,jul,19,139,Muscatine,0.7644378442019397,48281,0.8076064736288625,7982
2019,jul,19,169,Story,0.8618172839639764,94768,0.8647464084420603,15380
2019,jul,19,015,Boone,0.8665501544101579,90919,0.8678421946065492,14844
2019,jul,19,121,Madison,0.8350486498396861,39730,0.8300345747297648,6430
2019,jul,19,181,Warren,0.7853979955915886,37802,0.8321602529735154,6179
2019,jul,19,049,Dallas,0.8578136878198387,73373,0.8648778306129365,12025
2019,jul,19,153,Polk,0.8354194644141142,45476,0.8396544125508032,7477
2019,jul,19,077,Guthrie,0.8525263560334064,64794,0.8472759725763092,10572
2019,jul,19,099,Jasper,0.8489509793268709,102113,0.8583177124527109,16713
2022,jul,19,149,Plymouth,0.8519165795022993,128777,0.8673382382111104,21135
2022,jul,19,193,Woodbury,0.8475651888087345,111659,0.868338069993221,18413
2022,jul,19,027,Carroll,0.8576703966397856,97567,0.8843342677806998,16109
2022,jul,19,061,Dubuque,0.8525363929268249,73313,0.8677958095343435,12189
2022,jul,19,101,Jefferson,0.8610969704714765,35816,0.8490913094247214,5910
2022,jul,19,187,Webster,0.8595947272531997,107563,0.8770053165726738,17695
2022,jul,19,111,Lee,0.8507139831202071,37681,0.8412031777804897,6165
2022,jul,19,127,Marshall,0.8574598414600746,81001,0.8940524840523979,13514
2022,jul,19,195,Worth,0.8778588311802642,64116,0.8950078542406027,10652
2022,jul,19,033,Cerro Gordo,0.8732931570012553,91697,0.8887609616797019,15156
2022,jul,19,051,Davis,0.850555029687369,20654,0.849309236139205,3392
2022,jul,19,179,Wapello,0.8684685473829946,28129,0.8554927413402746,4608
2022,jul,19,041,Clay,0.8687766785336355,84329,0.8759038460679383,13832
2022,jul,19,059,Dickinson,0.8779062627683246,53212,0.8813429351694608,8732
2022,jul,19,021,Buena Vista,0.8446523561711624,89821,0.8718665657561684,14738
2022,jul,19,013,Black Hawk,0.8442735915391696,71430,0.8747430011477393,12506
2022,jul,19,075,Grundy,0.8546954394446229,85468,0.8916051811427195,14125
2022,jul,19,017,Bremer,0.8458809914485493,59291,0.8870021960656729,10635
2022,jul,19,085,Harrison,0.8556776532903096,95967,0.8515452199784855,15926
2022,jul,19,129,Mills,0.8532379907724942,53646,0.8401791161659654,8868
2022,jul,19,155,Pottawattamie,0.8602636209861504,129867,0.8542637004072559,21496
2022,jul,19,123,Mahaska,0.8688808264093059,66975,0.8722882253906458,11061
2022,jul,19,125,Marion,0.8529829923308879,39632,0.8481646865707243,6630
2022,jul,19,053,Decatur,0.8350666397448366,15036,0.8268367766333772,2441
2022,jul,19,031,Cedar,0.877015669289695,82001,0.8813025915387581,13569
2022,jul,19,151,Pocahontas,0.8578644337212799,98504,0.8784204889933668,16263
2022,jul,19,109,Kossuth,0.8697995332249278,165112,0.8903580409867661,27082
2022,jul,19,089,Howard,0.870010545571337,72776,0.8803284661118127,12623
2022,jul,19,147,Palo Alto,0.8598261976391137,95600,0.8813816929623544,15629
2022,jul,19,159,Ringgold,0.845172612196346,26555,0.8253402373055002,4372
2022,jul,19,025,Calhoun,0.8703433875259974,97132,0.8867242342738069,16000
2022,jul,19,039,Clarke,0.8222925997977377,14871,0.7975074680804918,2434
2022,jul,19,065,Fayette,0.8421657310472334,79790,0.8820939945194155,16429
2022,jul,19,001,Adair,0.8023468356756913,58889,0.8012564897238442,9867
2022,jul,19,037,Chickasaw,0.8604872108836789,71693,0.8812787461656388,13461
2022,jul,19,081,Hancock,0.8641097115489662,95391,0.8893356503541284,15702
2022,jul,19,157,Poweshiek,0.8742983277976187,74858,0.8707494488043481,12373
2022,jul,19,165,Shelby,0.8691372957244389,92433,0.8829966703935539,15379
2022,jul,19,185,Wayne,0.8557848890889143,29670,0.85093540085799,4858
2022,jul,19,097,Jackson,0.8176324374599278,55154,0.8619632004735597,9247
2022,jul,19,043,Clayton,0.8698325288217754,69732,0.8798132446526467,11448
2022,jul,19,007,Appanoose,0.856222739627936,14196,0.8475476692944697,2320
2022,jul,19,177,Van Buren,0.8494273455716463,26547,0.8400030641598073,4336
2022,jul,19,197,Wright,0.8731556000461038,95966,0.8896405087102702,15789
2022,jul,19,137,Montgomery,0.8482877454261087,50921,0.8404194763623059,8304
2022,jul,19,175,Union,0.8287860611823253,27970,0.8125012570990978,4620
2022,jul,19,107,Keokuk,0.8667706762662191,60704,0.8508683756056306,10064
2022,jul,19,131,Mitchell,0.8738891336859335,80998,0.8939098805567669,13798
2022,jul,19,191,Winneshiek,0.8593915253274443,58713,0.8760111511446947,13471
2022,jul,19,161,Sac,0.8656501204775264,91559,0.882679183687048,15062
2022,jul,19,055,Delaware,0.8696012473868768,97940,0.8750955062771498,16356
2022,jul,19,067,Floyd,0.8524013307847241,78140,0.886215831767057,13035
2022,jul,19,009,Audubon,0.85608248421177,62480,0.8721802647220178,10310
2022,jul,19,079,Hamilton,0.8689451914845578,99356,0.8871982031873323,16257
2022,jul,19,069,Franklin,0.8687337029890655,104395,0.8950110837087913,17108
2022,jul,19,141,O'Brien,0.873991471236849,93590,0.8767092350778435,15460
2022,jul,19,167,Sioux,0.8629929244008321,135971,0.8750120956282316,22613
2022,jul,19,005,Allamakee,0.8679813405475661,36738,0.8838330084537945,5964
2022,jul,19,189,Winnebago,0.8714640469099061,65588,0.8921763002094896,10798
2022,jul,19,093,Ida,0.8562196280417727,68401,0.8755773439917417,11161
2022,jul,19,029,Cass,0.8377939559079542,69816,0.8441744327491507,11546
2022,jul,19,083,Hardin,0.8678650652082235,94574,0.8981072727755067,15614
2022,jul,19,173,Taylor,0.8384586741192838,42537,0.8326872016735798,6982
2022,jul,19,145,Page,0.842477607727082,62891,0.83095310822578,10260
2022,jul,19,035,Cherokee,0.8498370045883282,82198,0.8625110599852139,13538
2022,jul,19,071,Fremont,0.8567907133244042,61658,0.8534684709907144,10129
2022,jul,19,095,Iowa,0.876860848163498,67826,0.8682976953825704,11228
2022,jul,19,023,Butler,0.8488188075967371,88876,0.8901015869964283,14672
2022,jul,19,063,Emmet,0.8891785853382829,62296,0.8915826797234204,10174
2022,jul,19,047,Crawford,0.853088445819527,111008,0.8757732533527774,18280
2022,jul,19,019,Buchanan,0.8624796669804584,93777,0.8735338807575314,16380
2022,jul,19,143,Osceola,0.8808893462552386,66292,0.8817792316830212,10994
2022,jul,19,073,Greene,0.8595097980198053,90195,0.8858219937204711,14663
2022,jul,19,087,Henry,0.858892142526268,41852,0.86013594299579,6884
2022,jul,19,119,Lyon,0.862276914434667,100301,0.8731168115313157,16462
2022,jul,19,003,Adams,0.8297813340806162,36410,0.8210039817849301,6018
2022,jul,19,133,Monona,0.84518274390472,90921,0.8620770407917736,15142
2022,jul,19,091,Humboldt,0.8539491163763793,72096,0.878795942304401,11857
2022,jul,19,115,Louisa,0.8775904994830106,42355,0.870505195713867,7020
2022,jul,19,171,Tama,0.8603207391145714,93221,0.8815622942249979,15271
2022,jul,19,135,Monroe,0.8612215962593539,12244,0.8337708471911404,1993
2022,jul,19,117,Lucas,0.8509564490797961,15004,0.825019478866733,2421
2022,jul,19,057,Des Moines,0.8732110790893178,37483,0.8664573602431865,6230
2022,jul,19,011,Benton,0.867527168740529,103821,0.8829235896058271,17234
2022,jul,19,113,Linn,0.8745230651220651,78753,0.871453548516311,13049
2022,jul,19,105,Jones,0.8675800343301658,79685,0.8709915696473075,13189
2022,jul,19,103,Johnson,0.8819012889019195,57569,0.8682080757282007,9603
2022,jul,19,183,Washington,0.87415328851591,61643,0.8557883065080961,10120
2022,jul,19,045,Clinton,0.8719477444799527,98458,0.8792560812113873,16604
2022,jul,19,163,Scott,0.8616139093952937,57053,0.8755176198397455,9435
2022,jul,19,139,Muscatine,0.8897077602257305,48484,0.8752285097617166,8081
2022,jul,19,169,Story,0.850476324688777,86743,0.8880851007661702,14142
2022,jul,19,015,Boone,0.8515274717801598,82937,0.8717875448116369,13749
2022,jul,19,121,Madison,0.8278940814586766,37340,0.8209167367030069,6158
2022,jul,19,181,Warren,0.8380007410802289,32660,0.8327663218745059,5389
2022,jul,19,049,Dallas,0.8491200018768028,71582,0.8446408923584511,11850
2022,jul,19,153,Polk,0.8399502535856208,41895,0.8452068466747515,6793
2022,jul,19,077,Guthrie,0.8433037769952927,58382,0.8541851376221655,9620
2022,jul,19,099,Jasper,0.8679138127603241,94144,0.8771692467603782,15576
2024,jul,19,149,Plymouth,0.8342967804170955,133251,0.8692510498205027,21910
2024,jul,19,193,Woodbury,0.8315783156851402,118992,0.8665148126077926,19651
2024,jul,19,027,Carroll,0.8573582514094593,98408,0.8791766516016684,16296
2024,jul,19,061,Dubuque,0.8414169452113062,85089,0.8457693847803829,14143
2024,jul,19,101,Jefferson,0.8389191446062357,38330,0.8712967578827675,6380
2024,jul,19,187,Webster,0.8619372044994527,110679,0.8702188814065729,18075
2024,jul,19,111,Lee,0.8326732745020378,38963,0.8854626576937806,6518
2024,jul,19,127,Marshall,0.875482433445158,84259,0.8705287871365964,14056
2024,jul,19,195,Worth,0.8365094929818825,61468,0.8477416186894945,10128
2024,jul,19,033,Cerro Gordo,0.8491561525709767,91866,0.8537105743254261,15201
2024,jul,19,051,Davis,0.8363340299925041,22950,0.8597205733963871,3737
2024,jul,19,179,Wapello,0.8237942001470316,30648,0.8612797011283313,5058
2024,jul,19,041,Clay,0.7780809718483128,80943,0.8267545195242796,13229
2024,jul,19,059,Dickinson,0.7471244128630472,50662,0.7874122260280756,8414
2024,jul,19,021,Buena Vista,0.8219034900741092,89271,0.860922887320444,14745
2024,jul,19,013,Black Hawk,0.8205767778110022,36848,0.8560357181744849,13072
2024,jul,19,075,Grundy,0.8819240821682982,69306,0.8816073119843689,14279
2024,jul,19,017,Bremer,0.8571059085927053,45476,0.8562618263451799,10992
2024,jul,19,085,Harrison,0.8232234652220718,102036,0.8683416220350877,17107
2024,jul,19,129,Mills,0.8605856480280867,55554,0.8853811721749073,9106
2024,jul,19,155,Pottawattamie,0.8221067462716417,134514,0.8622482800712165,22324
2024,jul,19,123,Mahaska,0.8057430571684849,68111,0.8594533406422863,11401
2024,jul,19,125,Marion,0.8318617393072524,40742,0.8380882604980325,6733
2024,jul,19,053,Decatur,0.8353527502255815,15859,0.8349154296648162,2703
2024,jul,19,031,Cedar,0.8730334405957054,80240,0.8807485781867301,13923
2024,jul,19,151,Pocahontas,0.8390896311022134,98410,0.8701974959903893,16337
2024,jul,19,109,Kossuth,0.8014571951939986,165622,0.8282736937671045,27239
2024,jul,19,089,Howard,0.841715276658572,64818,0.8463111273968054,12703
2024,jul,19,147,Palo Alto,0.7832104513910272,92792,0.8253163664783201,15303
2024,jul,19,159,Ringgold,0.8466853091183831,28890,0.8380441828404837,4700
2024,jul,19,025,Calhoun,0.8663623366754406,96349,0.8855125133074373,15975
2024,jul,19,039,Clarke,0.8175561016390904,16409,0.8224175729310647,2698
2024,jul,19,065,Fayette,0.8362641378954278,61712,0.8446153284345049,17755
2024,jul,19,001,Adair,0.8382327763947464,60155,0.8444940012583351,10116
2024,jul,19,037,Chickasaw,0.8094904089074553,28359,0.8399720867000866,14005
2024,jul,19,081,Hancock,0.8362944793365251,101276,0.8561470634858441,16554
2024,jul,19,157,Poweshiek,0.8354335412149929,42771,0.8715825899900085,12936
2024,jul,19,165,Shelby,0.8473394478737324,96058,0.8953994231180957,15904
2024,jul,19,185,Wayne,0.8337694678916727,29750,0.8376477192910776,5029
2024,jul,19,097,Jackson,0.8598020234963804,68532,0.8538500410506499,11472
2024,jul,19,043,Clayton,0.8339042927076539,77991,0.8540658591205144,13494
2024,jul,19,007,Appanoose,0.838716903716256,17459,0.840062831543849,2880
2024,jul,19,177,Van Buren,0.8522761709122743,27989,0.8792760968061658,4583
2024,jul,19,197,Wright,0.8457581856044788,97119,0.8526871649981318,15945
2024,jul,19,137,Montgomery,0.8596995677032984,52173,0.8697403210776377,8858
2024,jul,19,175,Union,0.8325253625174378,29190,0.8344013236854206,4855
2024,jul,19,107,Keokuk,0.8220121395004975,64234,0.8620340659423753,10767
2024,jul,19,131,Mitchell,0.855922345137743,80612,0.8589851546707062,14315
2024,jul,19,191,Winneshiek,0.846526717456876,77062,0.8431241371405924,15811
2024,jul,19,161,Sac,0.8538414634339992,93819,0.8869974359234057,15469
2024,jul,19,055,Delaware,0.844402801058678,89027,0.8613851959523254,17757
2024,jul,19,067,Floyd,0.8566520610584498,74541,0.8461427668483492,13485
2024,jul,19,009,Audubon,0.8581029859416656,65298,0.8756917703329136,10736
2024,jul,19,079,Hamilton,0.855939430628051,101804,0.869359825397597,16684
2024,jul,19,069,Franklin,0.8348919750343992,95825,0.8664291338159638,17806
2024,jul,19,141,O'Brien,0.8102886066199579,94320,0.8456780130688634,15334
2024,jul,19,167,Sioux,0.8315586085819517,139619,0.8652485698790238,22910
2024,jul,19,005,Allamakee,0.8201730138815917,52552,0.8344731772163495,8791
2024,jul,19,189,Winnebago,0.8105612138293361,65330,0.8355663852376163,10900
2024,jul,19,093,Ida,0.8495248170640906,69648,0.8833069188577467,11415
2024,jul,19,029,Cass,0.8513792282416719,73109,0.8667614462140065,12079
2024,jul,19,083,Hardin,0.857652389395622,97782,0.8700787929501378,16577
2024,jul,19,173,Taylor,0.839527921311163,44288,0.8673091655946336,7244
2024,jul,19,145,Page,0.8703217618736289,64987,0.8723350784664997,10834
2024,jul,19,035,Cherokee,0.8371671879754241,83990,0.8692164913256244,13726
2024,jul,19,071,Fremont,0.8741270942251184,67352,0.8876371422430873,11109
2024,jul,19,095,Iowa,0.8479638412465225,55200,0.870029834141611,11720
2024,jul,19,023,Butler,0.8718037581185357,58412,0.8657987362853174,14597
2024,jul,19,063,Emmet,0.7677186354841802,61182,0.8095661843169059,10053
2024,jul,19,047,Crawford,0.8548761288116907,116411,0.886971520871477,19335
2024,jul,19,019,Buchanan,0.8386929892959395,74277,0.8596040242931603,17718
2024,jul,19,143,Osceola,0.7987342268625994,65934,0.8304246751500215,10828
2024,jul,19,073,Greene,0.8699747887450711,87460,0.8800412916550923,14280
2024,jul,19,087,Henry,0.8201427086310689,42746,0.8911398738891383,7046
2024,jul,19,119,Lyon,0.8254834219220116,100701,0.8538397836662143,16637
2024,jul,19,003,Adams,0.839206462520224,38850,0.8526604678197399,6436
2024,jul,19,133,Monona,0.8045565344473905,96746,0.8390853672532925,16023
2024,jul,19,091,Humboldt,0.824890319165569,68384,0.8425978323752551,11218
2024,jul,19,115,Louisa,0.8487398001105649,42804,0.8877036211545718,7330
2024,jul,19,171,Tama,0.8862588350302649,59040,0.8746375596197739,15802
2024,jul,19,135,Monroe,0.8171583450971882,13637,0.8374392314080893,2222
2024,jul,19,117,Lucas,0.8191530090350554,17181,0.8320829130955733,2855
2024,jul,19,057,Des Moines,0.8148517536576884,33464,0.891323090368163,6450
2024,jul,19,011,Benton,0.8552116839150337,50261,0.8785626631386493,17309
2024,jul,19,113,Linn,0.8460647811343044,68072,0.8602074530222865,13390
2024,jul,19,105,Jones,0.8640796520466731,82794,0.8581787340362227,14035
2024,jul,19,103,Johnson,0.8543886881306993,61353,0.871237567501332,10410
2024,jul,19,183,Washington,0.8445750963728692,64679,0.880170034703237,10682
2024,jul,19,045,Clinton,0.8731635914253807,104208,0.8718513675982091,17359
2024,jul,19,163,Scott,0.8660205132306205,60131,0.8769276317178359,9924
2024,jul,19,139,Muscatine,0.8638956464030304,50369,0.8836856608589803,8338
2024,jul,19,169,Story,0.8379656980231991,85699,0.859836900130208,14131
2024,jul,19,015,Boone,0.8615348808708253,84752,0.8758068373404694,14082
2024,jul,19,121,Madison,0.8381687619358904,39336,0.8400640488300242,6463
2024,jul,19,181,Warren,0.7981015239069281,31723,0.8263702795717125,5511
2024,jul,19,049,Dallas,0.852344272630994,70987,0.8609644124913497,11809
2024,jul,19,153,Polk,0.8343303762396063,41002,0.8457483839333843,6920
2024,jul,19,077,Guthrie,0.8502495495443307,62611,0.8620844461735859,10354
2024,jul,19,099,Jasper,0.8633316562090416,93082,0.8574510855908097,15769
2019,aug,19,149,Plymouth,0.8771216095120944,131082,0.8782279601109382,21172
2019,aug,19,193,Woodbury,0.8558622521213339,125212,0.8575431825270425,20395
2019,aug,19,027,Carroll,0.8792011495786302,104505,0.8868153144075441,17018
2019,aug,19,061,Dubuque,0.8633876319817484,78226,0.8369034338182917,12877
2019,aug,19,101,Jefferson,0.8248931786479018,38274,0.8312325902621918,6257
2019,aug,19,187,Webster,0.8626123256616585,116872,0.871811568402967,19065
2019,aug,19,111,Lee,0.8043889895891803,39423,0.8072633793254508,6445
2019,aug,19,127,Marshall,0.8454624113519857,87186,0.8680027352812759,14254
2019,aug,19,195,Worth,0.8621462222070044,64262,0.868563458475805,10636
2019,aug,19,033,Cerro Gordo,0.8703925359985973,97491,0.8592072730050542,16005
2019,aug,19,051,Davis,0.800159067426227,23443,0.8132459915624543,3936
2019,aug,19,179,Wapello,0.8248828287333327,19486,0.8441051262382595,4983
2019,aug,19,041,Clay,0.8502583933526013,84689,0.8715270006157998,13879
2019,aug,19,059,Dickinson,0.8485301911872841,52927,0.8624740999907142,8618
2019,aug,19,021,Buena Vista,0.8689720837850955,94259,0.8855922317729812,15347
2019,aug,19,013,Black Hawk,0.7961290629436449,86334,0.830043972489654,14204
2019,aug,19,075,Grundy,0.8403288629044999,92784,0.8587358737410462,15108
2019,aug,19,017,Bremer,0.8127398754372802,66486,0.8514916295578098,12194
2019,aug,19,085,Harrison,0.8647516817302399,95439,0.8767996800488442,15572
2019,aug,19,129,Mills,0.8567833672021312,48926,0.8754495655965708,8042
2019,aug,19,155,Pottawattamie,0.8653689512449273,130383,0.8902412423968644,21340
2019,aug,19,123,Mahaska,0.6227121205339247,2769,0.851167648096699,11602
2019,aug,19,125,Marion,0.6934089633965037,8273,0.829881168620821,6915
2019,aug,19,053,Decatur,0.8011892945373675,13742,0.8331522090737175,2859
2019,aug,19,031,Cedar,0.854601185347321,87506,0.8617795384256448,14280
2019,aug,19,151,Pocahontas,0.8633376353076831,102867,0.8767607875605616,16933
2019,aug,19,109,Kossuth,0.8653862819167554,177326,0.8783603415730931,28946
2019,aug,19,089,Howard,0.8560363355002384,78595,0.8500663650233367,12974
2019,aug,19,147,Palo Alto,0.8616727734283325,93888,0.8741808861306127,15240
2019,aug,19,159,Ringgold,0.8278048496803821,26661,0.8358934715434286,4356
2019,aug,19,025,Calhoun,0.8706075668609854,100046,0.8826812563702255,16342
2019,aug,19,039,Clarke,0.8175605795988282,12243,0.8304499431251862,2842
2019,aug,19,065,Fayette,0.8412028718388014,109328,0.8436718764089384,18647
2019,aug,19,001,Adair,0.8410731525736261,64845,0.8548113776703119,10647
2019,aug,19,037,Chickasaw,0.8590764317644753,86148,0.8474999605659483,14320
2019,aug,19,081,Hancock,0.8684410422026488,111769,0.871408396516395,18097
2019,aug,19,157,Poweshiek,0.7671808839844595,55804,0.8400066817178952,14262
2019,aug,19,165,Shelby,0.8802777610911388,98518,0.897886521199752,16220
2019,aug,19,185,Wayne,0.7829521899321829,23074,0.8276204497603121,5171
2019,aug,19,097,Jackson,0.858330359381359,61140,0.8314905345116305,10168
2019,aug,19,043,Clayton,0.8586222861200815,81609,0.8228478630430054,13525
2019,aug,19,007,Appanoose,0.7801925087838802,9400,0.82829202073919,2684
2019,aug,19,177,Van Buren,0.8045132044680662,25125,0.8069381314926812,4092
2019,aug,19,197,Wright,0.8725950615375663,103035,0.8649876797596013,16853
2019,aug,19,137,Montgomery,0.8492399007708538,53264,0.8741571517463591,8770
2019,aug,19,175,Union,0.8427566276418981,31317,0.85065186061452,5136
2019,aug,19,107,Keokuk,0.8248120670671195,50732,0.8491667190853478,10938
2019,aug,19,131,Mitchell,0.8529513334661075,87903,0.8657543558770796,14562
2019,aug,19,191,Winneshiek,0.8656818481743687,92439,0.8396007381530846,15296
2019,aug,19,161,Sac,0.874436153312756,97747,0.884885694455143,16067
2019,aug,19,055,Delaware,0.8568672061554093,112146,0.8199845962970564,18489
2019,aug,19,067,Floyd,0.852533073728739,82958,0.8356408487639648,13675
2019,aug,19,009,Audubon,0.8749877950370084,66135,0.8924779592423788,10747
2019,aug,19,079,Hamilton,0.872400485024477,108225,0.859567739475058,17668
2019,aug,19,069,Franklin,0.877057749483934,115528,0.8668037599987461,18942
2019,aug,19,141,O'Brien,0.8703778954391439,98949,0.8913726227933069,16138
2019,aug,19,167,Sioux,0.8612756405440587,148606,0.8751595278897902,24252
2019,aug,19,005,Allamakee,0.856911922165639,42711,0.8295004182302939,6937
2019,aug,19,189,Winnebago,0.8632479218278375,70803,0.8745151243606883,11723
2019,aug,19,093,Ida,0.871580333062368,73422,0.8836974156488981,11941
2019,aug,19,029,Cass,0.857370862928155,77893,0.8839766436953955,12721
2019,aug,19,083,Hardin,0.8628521088521817,108123,0.8600528746061352,17816
2019,aug,19,173,Taylor,0.8246646163481228,49165,0.8470583486103263,8038
2019,aug,19,145,Page,0.8489448970197367,62946,0.8585667594471621,10339
2019,aug,19,035,Cherokee,0.8758170748906111,85617,0.8838267776736571,13917
2019,aug,19,071,Fremont,0.86223307423102,51380,0.8731709053578162,8431
2019,aug,19,095,Iowa,0.8393379015252641,60708,0.8518459089024171,10975
2019,aug,19,023,Butler,0.8527506253911749,100194,0.8478119696012519,16477
2019,aug,19,063,Emmet,0.8616291375587076,64078,0.8805174116615636,10502
2019,aug,19,047,Crawford,0.8790255630688633,116657,0.8862315999419378,19132
2019,aug,19,019,Buchanan,0.8385336227208542,114417,0.8475629373426453,18937
2019,aug,19,143,Osceola,0.8632626205074985,68006,0.8775483604961738,11142
2019,aug,19,073,Greene,0.870822595141415,97948,0.8795582356180704,15998
2019,aug,19,087,Henry,0.8187145166242306,41288,0.8074448941515956,6753
2019,aug,19,119,Lyon,0.8540628577360355,106543,0.8729802500229318,17327
2019,aug,19,003,Adams,0.8421351376062889,40478,0.8597841257243756,6663
2019,aug,19,133,Monona,0.8486308189775382,98048,0.8511248179365193,16120
2019,aug,19,091,Humboldt,0.8659315145415684,76767,0.8826633418977985,12611
2019,aug,19,115,Louisa,0.817798375422575,42467,0.8101136397330742,7056
2019,aug,19,171,Tama,0.8352477463645515,98330,0.8530021352545194,16003
2019,aug,19,135,Monroe,0.7738803928394045,3556,0.8320179603740562,2274
2019,aug,19,117,Lucas,0.7649179280756694,4421,0.8334773828591716,2742
2019,aug,19,057,Des Moines,0.8153902016920614,37367,0.807525684099808,6136
2019,aug,19,011,Benton,0.8346033639742843,108089,0.8464318263781576,17665
2019,aug,19,113,Linn,0.8517206426798323,86592,0.8535819060762412,14292
2019,aug,19,105,Jones,0.8559526915394581,84660,0.8439967229052749,14055
2019,aug,19,103,Johnson,0.8372445317863761,59663,0.8415106078080372,9752
2019,aug,19,183,Washington,0.838809030795064,64940,0.8446453924846694,10624
2019,aug,19,045,Clinton,0.8556155510759987,104630,0.8541824235365137,17424
2019,aug,19,163,Scott,0.8519728144056461,57973,0.8386499695176921,9559
2019,aug,19,139,Muscatine,0.8395496840560956,48281,0.8464435194249463,7982
2019,aug,19,169,Story,0.8572177969055227,94768,0.8502717802787204,15380
2019,aug,19,015,Boone,0.8637546934290083,90919,0.8458821206391741,14844
2019,aug,19,121,Madison,0.8431864818622861,39730,0.8375334635578424,6430
2019,aug,19,181,Warren,0.8050666056102077,20745,0.8252874272952915,6179
2019,aug,19,049,Dallas,0.8585223824915865,73373,0.8496894186692333,12025
2019,aug,19,153,Polk,0.8305628903668832,45476,0.8362840871010271,7477
2019,aug,19,077,Guthrie,0.8593037246904824,64794,0.8754225419455497,10572
2019,aug,19,099,Jasper,0.7770990257590487,95072,0.8637745162953782,16713
2022,aug,19,149,Plymouth,0.8112998331657583,128777,0.8221452599791931,21135
2022,aug,19,193,Woodbury,0.824405618688532,111659,0.8413384659025726,18413
2022,aug,19,027,Carroll,0.8430266066436481,97558,0.8571854105078396,16109
2022,aug,19,061,Dubuque,0.8865739427812216,73313,0.8721368268071491,12189
2022,aug,19,101,Jefferson,0.8007084822232634,35816,0.8105201001879565,5910
2022,aug,19,187,Webster,0.8490054877147762,107563,0.8257561422228763,17695
2022,aug,19,111,Lee,0.8298832089945005,37711,0.7880834230724763,6165
2022,aug,19,127,Marshall,0.8687098639514358,81001,0.8586613087755003,13514
2022,aug,19,195,Worth,0.8699740695966355,64116,0.8769898500091963,10652
2022,aug,19,033,Cerro Gordo,0.8604632663432648,91697,0.8707407158841683,15156
2022,aug,19,051,Davis,0.815072766730298,20654,0.7866129773328464,3392
2022,aug,19,179,Wapello,0.8106205667511606,28129,0.8167313407558534,4608
2022,aug,19,041,Clay,0.821440396435347,84329,0.8357779557785436,13832
2022,aug,19,059,Dickinson,0.8494606818148178,53212,0.8479598585742133,8732
2022,aug,19,021,Buena Vista,0.8509801209555576,89823,0.8599193833773162,14738
2022,aug,19,013,Black Hawk,0.8838096402482258,76045,0.8699628322035022,12506
2022,aug,19,075,Grundy,0.8744183779169983,85468,0.8825985105441085,14125
2022,aug,19,017,Bremer,0.8871765098412752,63278,0.8779753385085896,10635
2022,aug,19,085,Harrison,0.7869078514631617,95967,0.7552263011750674,15926
2022,aug,19,129,Mills,0.786772831930661,53646,0.8127775416912533,8868
2022,aug,19,155,Pottawattamie,0.7908481460520563,126655,0.8178795369223247,21496
2022,aug,19,123,Mahaska,0.8559111874542976,66975,0.8085858371727722,11061
2022,aug,19,125,Marion,0.8394073588438373,39632,0.7750337935127831,6630
2022,aug,19,053,Decatur,0.8239334341510739,15036,0.7866242697930306,2441
2022,aug,19,031,Cedar,0.8819693018096978,82001,0.8827933228801491,13569
2022,aug,19,151,Pocahontas,0.8558937110788459,98505,0.863885830959155,16263
2022,aug,19,109,Kossuth,0.8545313109722565,165112,0.8726510908956226,27082
2022,aug,19,089,Howard,0.8843565996953363,76039,0.8713069400913148,12623
2022,aug,19,147,Palo Alto,0.8283270750525584,95598,0.8594280023585762,15629
2022,aug,19,159,Ringgold,0.8039393016464285,26555,0.7873990438935254,4372
2022,aug,19,025,Calhoun,0.8566990680561446,97144,0.8475262484024823,16000
2022,aug,19,039,Clarke,0.7661696131668173,14871,0.727593935497233,2434
2022,aug,19,065,Fayette,0.8883347402926393,97336,0.8748211454706991,16429
2022,aug,19,001,Adair,0.7701087162054422,58889,0.7898754570389053,9867
2022,aug,19,037,Chickasaw,0.8833812417473591,80214,0.869610451436808,13461
2022,aug,19,081,Hancock,0.8679287601662621,95391,0.884155025103737,15702
2022,aug,19,157,Poweshiek,0.8631414335598956,74795,0.8289232097629229,12373
2022,aug,19,165,Shelby,0.8256989509207254,92481,0.8577993960718842,15379
2022,aug,19,185,Wayne,0.8250397081403271,29670,0.8121229746904277,4858
2022,aug,19,097,Jackson,0.8731338798574069,55771,0.8772381676801114,9247
2022,aug,19,043,Clayton,0.8871487175650375,69757,0.8749495149759757,11448
2022,aug,19,007,Appanoose,0.8109092027751668,14196,0.7852132057465893,2320
2022,aug,19,177,Van Buren,0.8251751891222346,26547,0.8176472722536915,4336
2022,aug,19,197,Wright,0.868747947717052,95966,0.8742186945653142,15789
2022,aug,19,137,Montgomery,0.7831385115722856,50902,0.8353177613030521,8304
2022,aug,19,175,Union,0.7752441821414869,27970,0.7895044111193386,4620
2022,aug,19,107,Keokuk,0.8320697003479283,60711,0.8254321468087723,10064
2022,aug,19,131,Mitchell,0.8824784693068196,83110,0.8775444163150788,13798
2022,aug,19,191,Winneshiek,0.8807007425448001,73435,0.8652136772673837,13471
2022,aug,19,161,Sac,0.862463782893481,91563,0.8769203960514822,15062
2022,aug,19,055,Delaware,0.8843012596589382,97940,0.8772199118550642,16356
2022,aug,19,067,Floyd,0.8674809358644919,78741,0.8635286385134218,13035
2022,aug,19,009,Audubon,0.8221973864735072,62449,0.84838472413404,10310
2022,aug,19,079,Hamilton,0.8633869877544366,99356,0.8486693963321197,16257
2022,aug,19,069,Franklin,0.8642994508851747,104395,0.8654066812500986,17108
2022,aug,19,141,O'Brien,0.8460886141639554,93590,0.8524630544994753,15460
2022,aug,19,167,Sioux,0.8349111029850261,135971,0.8401758325783449,22613
2022,aug,19,005,Allamakee,0.8827007431655474,36781,0.860639758617107,5964
2022,aug,19,189,Winnebago,0.8708854062657284,65588,0.8806812990080114,10798
2022,aug,19,093,Ida,0.8536138902762427,68401,0.8750607972189588,11161
2022,aug,19,029,Cass,0.7820401778898877,69814,0.8077923004855702,11546
2022,aug,19,083,Hardin,0.8735116743024779,94574,0.8669983959862747,15614
2022,aug,19,173,Taylor,0.7997376078434155,42537,0.8129584047815943,6982
2022,aug,19,145,Page,0.777481749187336,62891,0.8141371001880032,10260
2022,aug,19,035,Cherokee,0.8404503012383981,82198,0.8417893606452284,13538
2022,aug,19,071,Fremont,0.7948163091968571,61658,0.8194377992361076,10129
2022,aug,19,095,Iowa,0.869125585636448,67674,0.853292876781501,11228
2022,aug,19,023,Butler,0.8716621148460801,88921,0.8714490792626521,14672
2022,aug,19,063,Emmet,0.8577934697067009,62032,0.8843515749315919,10174
2022,aug,19,047,Crawford,0.8451942095482161,110896,0.8589588998893324,18280
2022,aug,19,019,Buchanan,0.8848356118189336,97312,0.8785790071932769,16380
2022,aug,19,143,Osceola,0.8646340905852865,66292,0.8659839296349701,10994
2022,aug,19,073,Greene,0.8552151526867905,90187,0.8572638990319398,14663
2022,aug,19,087,Henry,0.8370762490298991,41852,0.8340849771343417,6884
2022,aug,19,119,Lyon,0.845794413074693,100301,0.8538211823298179,16462
2022,aug,19,003,Adams,0.7795031158498045,36410,0.7845612258997217,6018
2022,aug,19,133,Monona,0.7952266576938024,90921,0.772474386261272,15142
2022,aug,19,091,Humboldt,0.8515141216751322,72096,0.8499469924168949,11857
2022,aug,19,115,Louisa,0.8562322837634265,42355,0.8461055741455824,7020
2022,aug,19,171,Tama,0.8790433376752944,93185,0.8702273295997173,15271
2022,aug,19,135,Monroe,0.8184205767355056,12244,0.7788984935923623,1993
2022,aug,19,117,Lucas,0.8086312125196208,15004,0.7756180988086208,2421
2022,aug,19,057,Des Moines,0.8594853809358006,37514,0.8382595017747976,6230
2022,aug,19,011,Benton,0.885707174834788,101836,0.8765608964082553,17234
2022,aug,19,113,Linn,0.8770872330253262,78782,0.8714257337690877,13049
2022,aug,19,105,Jones,0.886821755507982,79733,0.8815254704962336,13189
2022,aug,19,103,Johnson,0.8696784379429919,57569,0.8580583973893521,9603
2022,aug,19,183,Washington,0.8473369070636748,61643,0.8372366485490461,10120
2022,aug,19,045,Clinton,0.8795763700635325,99853,0.8795098057283437,16604
2022,aug,19,163,Scott,0.8744068197071079,57027,0.8677093381811187,9435
2022,aug,19,139,Muscatine,0.8744254331029584,48509,0.8704079491754175,8081
2022,aug,19,169,Story,0.8556264673749706,86743,0.8532500438982178,14142
2022,aug,19,015,Boone,0.8528107597379585,82937,0.85190942920383,13749
2022,aug,19,121,Madison,0.7918752075485561,37340,0.8168153594573799,6158
2022,aug,19,181,Warren,0.8009700386118682,32660,0.7822175046779204,5389
2022,aug,19,049,Dallas,0.8224275443050352,71582,0.8023685100179073,11850
2022,aug,19,153,Polk,0.8171009896427429,41895,0.8022181051759689,6793
2022,aug,19,077,Guthrie,0.8200411288985977,58382,0.8291130298681089,9620
2022,aug,19,099,Jasper,0.8601005809245985,94144,0.8219123279779095,15576
2024,aug,19,149,Plymouth,0.8455482876355921,133244,0.8581511754696479,21910
2024,aug,19,193,Woodbury,0.8369741473393939,118992,0.8531064386259699,19651
2024,aug,19,027,Carroll,0.8442036497824991,98542,0.8533446308144483,16296
2024,aug,19,061,Dubuque,0.8475228081385168,85128,0.8423547512273056,14143
2024,aug,19,101,Jefferson,0.8497623426799636,38330,0.8327263308509903,6380
2024,aug,19,187,Webster,0.8454991893637213,110679,0.8670648744647044,18075
2024,aug,19,111,Lee,0.8152842302891705,39717,0.80580982029926,6518
2024,aug,19,127,Marshall,0.8463191179224491,84773,0.8439536843516785,14056
2024,aug,19,195,Worth,0.8517221212432997,61468,0.8559118682035087,10128
2024,aug,19,033,Cerro Gordo,0.8491649445417551,92051,0.845398685438421,15201
2024,aug,19,051,Davis,0.8349835485989561,22913,0.8208227654957564,3737
2024,aug,19,179,Wapello,0.8378904487480504,30644,0.8249566056279831,5058
2024,aug,19,041,Clay,0.8222252960865258,80755,0.8536158969403543,13229
2024,aug,19,059,Dickinson,0.8078061612632106,47226,0.8254605533810091,8414
2024,aug,19,021,Buena Vista,0.8415085541840459,88092,0.8618445940469556,14745
2024,aug,19,013,Black Hawk,0.856344134578793,79049,0.8283891916092712,13072
2024,aug,19,075,Grundy,0.849908994868751,86123,0.8495521522625138,14279
2024,aug,19,017,Bremer,0.8516710120899319,65959,0.8303726932306681,10992
2024,aug,19,085,Harrison,0.8237841722040518,102862,0.816435114749914,17107
2024,aug,19,129,Mills,0.8335517680135786,55606,0.8231471231447177,9106
2024,aug,19,155,Pottawattamie,0.8174520901265337,135074,0.8209028182256366,22324
2024,aug,19,123,Mahaska,0.8338061401730973,68601,0.7988905137446438,11401
2024,aug,19,125,Marion,0.8413194430214731,40760,0.8372824313737001,6733
2024,aug,19,053,Decatur,0.7902685867338142,16592,0.8103399626282536,2703
2024,aug,19,031,Cedar,0.8486632726401818,83361,0.8392659496682481,13923
2024,aug,19,151,Pocahontas,0.8485551778816867,98412,0.8558458882596741,16337
2024,aug,19,109,Kossuth,0.8203290796091401,165642,0.8384415385881314,27239
2024,aug,19,089,Howard,0.8566708553723968,76990,0.8458356229900125,12703
2024,aug,19,147,Palo Alto,0.8195989479244973,91182,0.8438011583123829,15303
2024,aug,19,159,Ringgold,0.8029305673827676,28890,0.8136907213010464,4700
2024,aug,19,025,Calhoun,0.8606775009307382,97795,0.8611687154056085,15975
2024,aug,19,039,Clarke,0.8132881515712871,16487,0.8266429694971887,2698
2024,aug,19,065,Fayette,0.8560440383650341,106763,0.8393212592770934,17755
2024,aug,19,001,Adair,0.8207601335088515,60155,0.8342969414755471,10116
2024,aug,19,037,Chickasaw,0.8568194009728082,84295,0.8320764523520553,14005
2024,aug,19,081,Hancock,0.8425769458596367,101286,0.8568386266750045,16554
2024,aug,19,157,Poweshiek,0.843349208724412,78121,0.8119832844636977,12936
2024,aug,19,165,Shelby,0.8406418396689999,96232,0.8396877958844279,15904
2024,aug,19,185,Wayne,0.7963395820111173,30535,0.7954245617163967,5029
2024,aug,19,097,Jackson,0.839245328538196,68532,0.8377238990460903,11472
2024,aug,19,043,Clayton,0.8562179802272909,80780,0.8430710417621307,13494
2024,aug,19,007,Appanoose,0.818752399496483,17452,0.8122669087364046,2880
2024,aug,19,177,Van Buren,0.84120888262212,27989,0.8238589702171499,4583
2024,aug,19,197,Wright,0.8334724396220689,97136,0.8482572732926822,15945
2024,aug,19,137,Montgomery,0.8391207202852338,53379,0.8363318062482262,8858
2024,aug,19,175,Union,0.8121589474558185,29190,0.8342956525615447,4855
2024,aug,19,107,Keokuk,0.8424136723822376,64229,0.7989273738933957,10767
2024,aug,19,131,Mitchell,0.8629990449035845,86754,0.8691609618266148,14315
2024,aug,19,191,Winneshiek,0.8599857124286642,94494,0.8396241978881609,15811
2024,aug,19,161,Sac,0.8534037663168383,94273,0.8628736537050019,15469
2024,aug,19,055,Delaware,0.8533874530807801,106584,0.8482703871991852,17757
2024,aug,19,067,Floyd,0.852443331699487,81298,0.8477201727784932,13485
2024,aug,19,009,Audubon,0.8333946083901378,65393,0.8349665842421363,10736
2024,aug,19,079,Hamilton,0.8501987821511139,101804,0.854191949544798,16684
2024,aug,19,069,Franklin,0.8524333616691772,107672,0.8499248245310608,17806
2024,aug,19,141,O'Brien,0.843498447792099,94320,0.868423204068523,15334
2024,aug,19,167,Sioux,0.8426290928600111,139601,0.8684749471178229,22910
2024,aug,19,005,Allamakee,0.8458977343896513,52595,0.840058510340821,8791
2024,aug,19,189,Winnebago,0.8348339875929122,65330,0.85355858755444,10900
2024,aug,19,093,Ida,0.8573154124705675,69708,0.8762214582938007,11415
2024,aug,19,029,Cass,0.8230652253734535,73356,0.8192118316897998,12079
2024,aug,19,083,Hardin,0.8515683522226486,99698,0.8505904481726867,16577
2024,aug,19,173,Taylor,0.8119127190628681,44290,0.8335884415915157,7244
2024,aug,19,145,Page,0.8308227694218129,65385,0.8116440723402394,10834
2024,aug,19,035,Cherokee,0.8408977839289506,83987,0.8634994109458002,13726
2024,aug,19,071,Fremont,0.8172918645127625,67422,0.775385412285553,11109
2024,aug,19,095,Iowa,0.8444046208247229,70542,0.820043839632437,11720
2024,aug,19,023,Butler,0.8462527490082432,88176,0.8374118239604053,14597
2024,aug,19,063,Emmet,0.8240120557486784,61120,0.8392145313061442,10053
2024,aug,19,047,Crawford,0.8417468673692929,116839,0.8574342394045065,19335
2024,aug,19,019,Buchanan,0.8568372665852687,107299,0.8486471244738938,17718
2024,aug,19,143,Osceola,0.8222193897543218,60768,0.8475311353650112,10828
2024,aug,19,073,Greene,0.8535318686602713,87489,0.8713955216496793,14280
2024,aug,19,087,Henry,0.8413583157321723,42746,0.8086446639865935,7046
2024,aug,19,119,Lyon,0.8337841910560366,100663,0.862291894080571,16637
2024,aug,19,003,Adams,0.8001915457651325,39018,0.8290031445456802,6436
2024,aug,19,133,Monona,0.7952891272701547,96829,0.8190019806497172,16023
2024,aug,19,091,Humboldt,0.8204277312287293,68384,0.8482754466777205,11218
2024,aug,19,115,Louisa,0.8391563962317191,43466,0.8062354645236435,7330
2024,aug,19,171,Tama,0.8442310094040226,96665,0.8270385837263806,15802
2024,aug,19,135,Monroe,0.8445991772908101,13643,0.8410423248434474,2222
2024,aug,19,117,Lucas,0.8217630386143092,17385,0.8329024437265963,2855
2024,aug,19,057,Des Moines,0.8187670665994848,39030,0.8066509187989952,6450
2024,aug,19,011,Benton,0.8509073880238394,104746,0.829625944213825,17309
2024,aug,19,113,Linn,0.8529091096996249,80488,0.8335421574334464,13390
2024,aug,19,105,Jones,0.8578513841840778,83637,0.848464178024268,14035
2024,aug,19,103,Johnson,0.8427170237582563,62354,0.8150640459176759,10410
2024,aug,19,183,Washington,0.8456398297018712,64985,0.8230589481732731,10682
2024,aug,19,045,Clinton,0.8492976609197139,104405,0.8381361859560816,17359
2024,aug,19,163,Scott,0.8535729239677015,60131,0.8273117095263226,9924
2024,aug,19,139,Muscatine,0.8437303707270855,50376,0.8058652004330753,8338
2024,aug,19,169,Story,0.8455201819902808,85932,0.8468652894751164,14131
2024,aug,19,015,Boone,0.8470950221648963,84752,0.8646637541732071,14082
2024,aug,19,121,Madison,0.8345385449831444,39336,0.8355447865600443,6463
2024,aug,19,181,Warren,0.8410397756238644,33296,0.837952526155437,5511
2024,aug,19,049,Dallas,0.838666200201531,70987,0.8380362404504931,11809
2024,aug,19,153,Polk,0.837914413446642,41270,0.8243234252714235,6920
2024,aug,19,077,Guthrie,0.837599095188569,62613,0.8423178245899166,10354
2024,aug,19,099,Jasper,0.84613826105611,95039,0.8376276440251819,15769
