year,county_fips,county_name,ndvi_corn_mean,corn_pixel_count
2010,149,Plymouth,0.813609711102612,20258
2010,193,Woodbury,0.804220077938993,20056
2010,027,Carroll,0.8272973664396042,16247
2010,061,Dubuque,0.8034106754790048,11639
2010,101,Jefferson,0.7601529196046751,6517
2010,187,Webster,0.8031510726669686,19223
2010,111,Lee,0.7188886891140897,7571
2010,127,Marshall,0.8359725456970479,12861
2010,195,Worth,0.839853929614363,10666
2010,033,Cerro Gordo,0.8197291794886398,15857
2010,051,Davis,0.7602540597021872,3360
2010,179,Wapello,0.7421685615175295,4976
2010,041,Clay,0.8106900697728203,14541
2010,059,Dickinson,0.7979485696842928,8975
2010,021,Buena Vista,0.8175067910160597,14784
2010,013,Black Hawk,0.8106328857352854,12748
2010,075,Grundy,0.8292607287012538,13455
2010,017,Bremer,0.820062281533151,10976
2010,085,Harrison,0.8035076889262448,17026
2010,129,Mills,0.801599239960484,9329
2010,155,Pottawattamie,0.8093444960333428,21228
2010,123,Mahaska,0.7474700325273637,11418
2010,125,Marion,0.7574809780279768,6741
2010,053,Decatur,0.7523416789570048,2395
2010,031,Cedar,0.7911393159635836,14924
2010,151,Pocahontas,0.8088585665166053,16238
2010,109,Kossuth,0.8179544982567927,27499
2010,089,Howard,0.834340811508563,11378
2010,147,Palo Alto,0.8027283370080606,16698
2010,159,Ringgold,0.768691591860474,3956
2010,025,Calhoun,0.8071233249239487,16656
2010,039,Clarke,0.7544584707877994,2739
2010,065,Fayette,0.8146310673889934,16188
2010,001,Adair,0.7917527783059402,9303
2010,037,Chickasaw,0.836716657196542,12850
2010,081,Hancock,0.8130236877143143,16993
2010,157,Poweshiek,0.7915254424602366,12164
2010,165,Shelby,0.8312855387124547,15319
2010,185,Wayne,0.7373099091343324,4197
2010,097,Jackson,0.8021169454445242,8634
2010,043,Clayton,0.8077979433968775,12409
2010,007,Appanoose,0.7379403346466741,2606
2010,177,Van Buren,0.7415130698512783,4940
2010,197,Wright,0.787386483907954,15593
2010,137,Montgomery,0.8075699425260684,8361
2010,175,Union,0.7687267076255591,4249
2010,107,Keokuk,0.7624122208919922,10344
2010,131,Mitchell,0.8378697627974343,13428
2010,191,Winneshiek,0.8267273843978262,12180
2010,161,Sac,0.8304542841976453,15412
2010,055,Delaware,0.8180526057235031,18105
2010,067,Floyd,0.830356489814728,12874
2010,009,Audubon,0.8102791524414167,10469
2010,079,Hamilton,0.8156415355470269,17232
2010,069,Franklin,0.8167965815824926,17300
2010,141,O'Brien,0.8129046432664915,15259
2010,167,Sioux,0.8225811292052947,22324
2010,005,Allamakee,0.8191112432198041,5370
2010,189,Winnebago,0.8320954543199145,11122
2010,093,Ida,0.8357404680602918,11001
2010,029,Cass,0.8060820318138514,12369
2010,083,Hardin,0.8349600844950185,15941
2010,173,Taylor,0.7743006472243615,6576
2010,145,Page,0.799037914984046,9687
2010,035,Cherokee,0.8184135271272415,13531
2010,071,Fremont,0.7860460223292993,10646
2010,095,Iowa,0.7968957458236474,10431
2010,023,Butler,0.8306014955146127,14651
2010,063,Emmet,0.8116631246444334,10615
2010,047,Crawford,0.8422861609397672,17992
2010,019,Buchanan,0.8166291395549788,16690
2010,143,Osceola,0.8138209021973731,10790
2010,073,Greene,0.8075625137157579,15838
2010,087,Henry,0.7437774587292054,7804
2010,119,Lyon,0.8192345877277213,15440
2010,003,Adams,0.7908824888812318,6306
2010,133,Monona,0.8051405507935806,16372
2010,091,Humboldt,0.7906053377395397,11897
2010,115,Louisa,0.7727623808514467,8348
2010,171,Tama,0.8139936628416491,14337
2010,135,Monroe,0.7503341906259535,2404
2010,117,Lucas,0.734123276606576,2335
2010,057,Des Moines,0.7458526232475194,7276
2010,011,Benton,0.8202176727812286,17000
2010,113,Linn,0.8101572375310115,13706
2010,105,Jones,0.7967414294108143,14103
2010,103,Johnson,0.7897289888632277,10953
2010,183,Washington,0.7772369279124662,11510
2010,045,Clinton,0.7991185558856493,18129
2010,163,Scott,0.7784888791862943,10376
2010,139,Muscatine,0.774835556097731,9232
2010,169,Story,0.8076017352902861,14057
2010,015,Boone,0.8003678375094795,14632
2010,121,Madison,0.7877861172877697,5772
2010,181,Warren,0.7655433477655188,5985
2010,049,Dallas,0.7975614575924009,11767
2010,153,Polk,0.776865856710302,7583
2010,077,Guthrie,0.8054120036266014,10244
2010,099,Jasper,0.7988446638145651,15008
2011,149,Plymouth,0.7988274270862228,20754
2011,193,Woodbury,0.7826828232704935,19369
2011,027,Carroll,0.8197080682014074,16825
2011,061,Dubuque,0.7929878082649672,12421
2011,101,Jefferson,0.7481056530991044,6671
2011,187,Webster,0.8276851581709853,18698
2011,111,Lee,0.7455258790783778,6872
2011,127,Marshall,0.808542462429915,13789
2011,195,Worth,0.811052983186519,10778
2011,033,Cerro Gordo,0.8154798206893993,16097
2011,051,Davis,0.7383376885170454,4481
2011,179,Wapello,0.77614054718411,5418
2011,041,Clay,0.7854694632749037,14219
2011,059,Dickinson,0.7788947189179222,8574
2011,021,Buena Vista,0.8122424802629804,15193
2011,013,Black Hawk,0.7924947146361235,13907
2011,075,Grundy,0.8120457586760923,14168
2011,017,Bremer,0.8263208936096534,11369
2011,085,Harrison,0.7745771261097228,16307
2011,129,Mills,0.7620636222944699,9290
2011,155,Pottawattamie,0.7715832449300148,21713
2011,123,Mahaska,0.7925875784064204,11493
2011,125,Marion,0.778841549538207,7142
2011,053,Decatur,0.7770427260708933,3902
2011,031,Cedar,0.7952068798049079,15052
2011,151,Pocahontas,0.8183645696550035,16148
2011,109,Kossuth,0.8105827204234113,28116
2011,089,Howard,0.8049572775519376,11838
2011,147,Palo Alto,0.7896585266215234,15989
2011,159,Ringgold,0.779489131324248,5964
2011,025,Calhoun,0.8260605449229408,16067
2011,039,Clarke,0.7540999745138427,4087
2011,065,Fayette,0.8074422844598796,17522
2011,001,Adair,0.7902432620567662,11095
2011,037,Chickasaw,0.8186024825262125,12996
2011,081,Hancock,0.8164597546578677,17563
2011,157,Poweshiek,0.8071739368310115,12987
2011,165,Shelby,0.8088873012668157,15882
2011,185,Wayne,0.7792765096168637,5767
2011,097,Jackson,0.791232885318185,9254
2011,043,Clayton,0.8032712137611584,13809
2011,007,Appanoose,0.7663206258040104,3637
2011,177,Van Buren,0.7348761348694685,4531
2011,197,Wright,0.8271877049017256,16136
2011,137,Montgomery,0.7953140137775196,8577
2011,175,Union,0.7649881052209828,5852
2011,107,Keokuk,0.7877759441427061,10125
2011,131,Mitchell,0.810273856459556,13666
2011,191,Winneshiek,0.7991434593404417,13970
2011,161,Sac,0.8112126716238438,15766
2011,055,Delaware,0.8133847044732445,18578
2011,067,Floyd,0.8242355664630441,13143
2011,009,Audubon,0.8112482723234894,11064
2011,079,Hamilton,0.8194824771627397,18058
2011,069,Franklin,0.8278193638655781,18025
2011,141,O'Brien,0.8057251007082152,15186
2011,167,Sioux,0.810424403228918,22784
2011,005,Allamakee,0.7940182623369229,6885
2011,189,Winnebago,0.8145053655908026,11300
2011,093,Ida,0.8093778090291431,11531
2011,029,Cass,0.8071197673038115,12850
2011,083,Hardin,0.8291692594872411,16707
2011,173,Taylor,0.7933519517486595,8300
2011,145,Page,0.7931921092767996,9732
2011,035,Cherokee,0.8191128199883089,13498
2011,071,Fremont,0.702040424566307,10069
2011,095,Iowa,0.8034585032129806,11009
2011,023,Butler,0.8243964947119601,15742
2011,063,Emmet,0.7906954127743413,10212
2011,047,Crawford,0.8169580844638017,18658
2011,019,Buchanan,0.8130480676835429,18092
2011,143,Osceola,0.819538231627899,10817
2011,073,Greene,0.8341344190039393,16067
2011,087,Henry,0.7526328389079937,7444
2011,119,Lyon,0.8087042341804926,15828
2011,003,Adams,0.7926466045173298,6956
2011,133,Monona,0.7487328653816661,16464
2011,091,Humboldt,0.8256742815845601,12287
2011,115,Louisa,0.7703471085151425,7545
2011,171,Tama,0.7983802865357644,15661
2011,135,Monroe,0.7708937748387678,3022
2011,117,Lucas,0.7592269768333523,3232
2011,057,Des Moines,0.7605963315243333,6767
2011,011,Benton,0.7968998965379748,17881
2011,113,Linn,0.793241153932242,14593
2011,105,Jones,0.7976256465413721,14443
2011,103,Johnson,0.7847338255170855,10526
2011,183,Washington,0.7708610717349194,10857
2011,045,Clinton,0.7929754646357771,17944
2011,163,Scott,0.789007988236848,10178
2011,139,Muscatine,0.7897765444341942,8473
2011,169,Story,0.8045954705155671,15064
2011,015,Boone,0.8148046201994914,14670
2011,121,Madison,0.777434387554676,7401
2011,181,Warren,0.7631867782698513,6495
2011,049,Dallas,0.7972261646026415,12430
2011,153,Polk,0.7884582878962588,7943
2011,077,Guthrie,0.8079214848136526,11556
2011,099,Jasper,0.8043789311852212,16166
2012,149,Plymouth,0.724578695709645,20283
2012,193,Woodbury,0.7550240533952678,19791
2012,027,Carroll,0.7081782309022857,17590
2012,061,Dubuque,0.7578790096965103,11403
2012,101,Jefferson,0.7173519173011846,6128
2012,187,Webster,0.7680334466161389,19572
2012,111,Lee,0.7387869076769297,6667
2012,127,Marshall,0.7906918807475982,13156
2012,195,Worth,0.7777509437240492,10875
2012,033,Cerro Gordo,0.7473060212561213,15607
2012,051,Davis,0.6452444352542427,4101
2012,179,Wapello,0.7063029091774491,4992
2012,041,Clay,0.795647413504925,14135
2012,059,Dickinson,0.7925317015024178,8385
2012,021,Buena Vista,0.7492860943204371,15408
2012,013,Black Hawk,0.749310529450978,13088
2012,075,Grundy,0.7836709624901586,13599
2012,017,Bremer,0.7870455887355581,11218
2012,085,Harrison,0.7299240880620905,16815
2012,129,Mills,0.7267494656711938,8574
2012,155,Pottawattamie,0.7178234027760815,21785
2012,123,Mahaska,0.7508449902203675,11419
2012,125,Marion,0.740060941029772,6956
2012,053,Decatur,0.7174635023527247,3304
2012,031,Cedar,0.7830943046565567,14016
2012,151,Pocahontas,0.7651830628742113,16456
2012,109,Kossuth,0.7891690632269389,27807
2012,089,Howard,0.776002307185991,11663
2012,147,Palo Alto,0.7984330184790431,15854
2012,159,Ringgold,0.7128101082321469,5033
2012,025,Calhoun,0.733737082759738,16831
2012,039,Clarke,0.7176468093293386,3629
2012,065,Fayette,0.7893859728128093,16514
2012,001,Adair,0.6972772834952731,10857
2012,037,Chickasaw,0.773092702716592,12972
2012,081,Hancock,0.767260428039297,18083
2012,157,Poweshiek,0.7781891327441723,12862
2012,165,Shelby,0.7554316383525405,16768
2012,185,Wayne,0.6834315396655967,5313
2012,097,Jackson,0.7338782815967865,8538
2012,043,Clayton,0.7755031770202335,11953
2012,007,Appanoose,0.65427038643415,3247
2012,177,Van Buren,0.72087481270948,4341
2012,197,Wright,0.785877517947034,16700
2012,137,Montgomery,0.740009020080307,8391
2012,175,Union,0.7062842269627277,5523
2012,107,Keokuk,0.7557898155220987,9782
2012,131,Mitchell,0.7555236804317749,13384
2012,191,Winneshiek,0.7766970817378029,12162
2012,161,Sac,0.7430162882554622,16028
2012,055,Delaware,0.7729822141575677,17746
2012,067,Floyd,0.7546274700262859,12811
2012,009,Audubon,0.7073549541904856,11591
2012,079,Hamilton,0.7697817921618338,18915
2012,069,Franklin,0.7770135186476325,18243
2012,141,O'Brien,0.8052639417441707,15460
2012,167,Sioux,0.770099623010157,23103
2012,005,Allamakee,0.7687033925819504,5576
2012,189,Winnebago,0.786955224504319,11517
2012,093,Ida,0.7751000701570883,11883
2012,029,Cass,0.7119747092014824,12880
2012,083,Hardin,0.7935195517186115,16601
2012,173,Taylor,0.723632367092995,7715
2012,145,Page,0.731227599168257,9324
2012,035,Cherokee,0.7888375507629396,13417
2012,071,Fremont,0.7365362551810063,9578
2012,095,Iowa,0.7744112720384534,10458
2012,023,Butler,0.7468719133448903,15155
2012,063,Emmet,0.7941407586471928,9932
2012,047,Crawford,0.7533040122114709,19061
2012,019,Buchanan,0.773787145643472,17264
2012,143,Osceola,0.8023117919790154,10820
2012,073,Greene,0.7338298089957292,16135
2012,087,Henry,0.758920130702103,6954
2012,119,Lyon,0.7863511850606986,16083
2012,003,Adams,0.7205773206559682,6894
2012,133,Monona,0.7425831536610124,15953
2012,091,Humboldt,0.7649087374914836,12439
2012,115,Louisa,0.7680841377499826,6817
2012,171,Tama,0.7818425699535119,14057
2012,135,Monroe,0.6992889104267745,2694
2012,117,Lucas,0.7074841418075098,2623
2012,057,Des Moines,0.7533160643387953,6549
2012,011,Benton,0.7582353735546912,16935
2012,113,Linn,0.7531369303649726,13612
2012,105,Jones,0.7501148038379281,13579
2012,103,Johnson,0.7478678578029969,9201
2012,183,Washington,0.764976864313118,10136
2012,045,Clinton,0.7711603364537672,16823
2012,163,Scott,0.7634201759926769,9592
2012,139,Muscatine,0.758323043199782,8103
2012,169,Story,0.7867269806657678,14839
2012,015,Boone,0.7703796644463519,15168
2012,121,Madison,0.7006165029641164,7061
2012,181,Warren,0.7187309860060009,6313
2012,049,Dallas,0.727660935690715,13318
2012,153,Polk,0.76295862025846,7875
2012,077,Guthrie,0.709302328670628,11133
2012,099,Jasper,0.773241776959771,15731
2013,149,Plymouth,0.7631521153054767,19849
2013,193,Woodbury,0.7660812130150447,19048
2013,027,Carroll,0.7418853967485702,17209
2013,061,Dubuque,0.8020298706783268,11082
2013,101,Jefferson,0.7511804987580348,5551
2013,187,Webster,0.7214669805015226,17981
2013,111,Lee,0.7364745398839931,6219
2013,127,Marshall,0.749138406053838,13521
2013,195,Worth,0.6733257323232504,9649
2013,033,Cerro Gordo,0.7458320135402111,13332
2013,051,Davis,0.7426990663600722,3619
2013,179,Wapello,0.7531184219233726,4519
2013,041,Clay,0.7529385903403647,14420
2013,059,Dickinson,0.7742638704545497,8821
2013,021,Buena Vista,0.7372315090888141,15017
2013,013,Black Hawk,0.7477317699603581,12752
2013,075,Grundy,0.7419850346024343,13895
2013,017,Bremer,0.767705435165607,10820
2013,085,Harrison,0.7797043632229628,15769
2013,129,Mills,0.7820542481287118,8195
2013,155,Pottawattamie,0.7835514648696265,20704
2013,123,Mahaska,0.7701337729667898,9995
2013,125,Marion,0.7638892553231806,7228
2013,053,Decatur,0.7353774595092488,4083
2013,031,Cedar,0.7675159264019005,13446
2013,151,Pocahontas,0.7265989337783968,15920
2013,109,Kossuth,0.7468229936026036,27702
2013,089,Howard,0.695309531258361,7988
2013,147,Palo Alto,0.7543947049536729,15489
2013,159,Ringgold,0.7333174941879909,6130
2013,025,Calhoun,0.7266783668431003,16086
2013,039,Clarke,0.734998582500119,3817
2013,065,Fayette,0.7537994488368612,15120
2013,001,Adair,0.7263765331077126,11384
2013,037,Chickasaw,0.7524977437574893,11989
2013,081,Hancock,0.7661429839316233,16650
2013,157,Poweshiek,0.7636959226929951,12095
2013,165,Shelby,0.7682437453324346,15831
2013,185,Wayne,0.7187269945223977,5984
2013,097,Jackson,0.7805286054117417,8073
2013,043,Clayton,0.7714558491135871,11341
2013,007,Appanoose,0.7147006274816363,2999
2013,177,Van Buren,0.7458940921599838,3947
2013,197,Wright,0.7391222611362412,15667
2013,137,Montgomery,0.7706741233315656,8026
2013,175,Union,0.7380505993710705,5639
2013,107,Keokuk,0.7688797682659745,9049
2013,131,Mitchell,0.7039720574752207,10108
2013,191,Winneshiek,0.7446906144053673,10468
2013,161,Sac,0.7445922295761236,16134
2013,055,Delaware,0.7907136379689006,17092
2013,067,Floyd,0.7385576053430836,11199
2013,009,Audubon,0.7513662121907049,11328
2013,079,Hamilton,0.7184720926449946,17486
2013,069,Franklin,0.7574211550336933,17133
2013,141,O'Brien,0.7580808966502072,15424
2013,167,Sioux,0.7656116295657812,22282
2013,005,Allamakee,0.7460772223966209,5163
2013,189,Winnebago,0.7095945436350085,10855
2013,093,Ida,0.7624565080795574,11529
2013,029,Cass,0.7595651042356546,12588
2013,083,Hardin,0.7329851641753254,16357
2013,173,Taylor,0.7463489558195828,8808
2013,145,Page,0.7445815834388209,9628
2013,035,Cherokee,0.7551988428382632,13091
2013,071,Fremont,0.7785393742862877,9269
2013,095,Iowa,0.7646440506131983,9894
2013,023,Butler,0.7643183241773056,14902
2013,063,Emmet,0.7687466666378434,10513
2013,047,Crawford,0.7476535576818988,18663
2013,019,Buchanan,0.7478405656689606,16711
2013,143,Osceola,0.7563053748671212,10815
2013,073,Greene,0.7288778897435434,16440
2013,087,Henry,0.7514197818909177,6346
2013,119,Lyon,0.7602935146714361,16304
2013,003,Adams,0.7451949961175124,7247
2013,133,Monona,0.770929995206152,16160
2013,091,Humboldt,0.7349072978287585,11148
2013,115,Louisa,0.7558014657156281,6889
2013,171,Tama,0.7411057834897623,14358
2013,135,Monroe,0.7283890617549074,2267
2013,117,Lucas,0.7292061311055557,3255
2013,057,Des Moines,0.7612005722455901,5944
2013,011,Benton,0.7546892247911319,16138
2013,113,Linn,0.7814882787141902,13254
2013,105,Jones,0.7867694638070446,12805
2013,103,Johnson,0.7705821621225643,9386
2013,183,Washington,0.7628700304115449,9625
2013,045,Clinton,0.7819108297243236,16350
2013,163,Scott,0.7593110821842736,9195
2013,139,Muscatine,0.7598391414219253,7721
2013,169,Story,0.7027273527000203,14315
2013,015,Boone,0.7447240562643522,14489
2013,121,Madison,0.743474403622079,7172
2013,181,Warren,0.7624182951849509,6714
2013,049,Dallas,0.740301381260735,13072
2013,153,Polk,0.7225247855885027,7726
2013,077,Guthrie,0.736884357231627,11046
2013,099,Jasper,0.7534522205841235,15132
2014,149,Plymouth,0.8185695221115251,19239
2014,193,Woodbury,0.7782033661893126,18586
2014,027,Carroll,0.8450790477024858,16592
2014,061,Dubuque,0.8050222662958272,11233
2014,101,Jefferson,0.84687860868829,6001
2014,187,Webster,0.8371751184442932,18646
2014,111,Lee,0.8408875970742332,6694
2014,127,Marshall,0.8364087261666567,12624
2014,195,Worth,0.8084898300618907,11143
2014,033,Cerro Gordo,0.8052092508784792,16045
2014,051,Davis,0.8393323683836517,4357
2014,179,Wapello,0.8453124645254926,4993
2014,041,Clay,0.794538643765633,13833
2014,059,Dickinson,0.7903733796673075,8583
2014,021,Buena Vista,0.8172117212804713,14631
2014,013,Black Hawk,0.7996852687738946,12755
2014,075,Grundy,0.8157122060869879,13391
2014,017,Bremer,0.7874383795006242,10683
2014,085,Harrison,0.7981945002959878,15386
2014,129,Mills,0.7942722743021917,8484
2014,155,Pottawattamie,0.7587019705731465,20002
2014,123,Mahaska,0.8382560977547883,10974
2014,125,Marion,0.823427951303788,7127
2014,053,Decatur,0.8021199502943496,3360
2014,031,Cedar,0.8197179307078496,13047
2014,151,Pocahontas,0.8205536675484929,16211
2014,109,Kossuth,0.8077277689366481,28478
2014,089,Howard,0.8104172277314139,12108
2014,147,Palo Alto,0.7925566480082504,16590
2014,159,Ringgold,0.8121169086097515,5711
2014,025,Calhoun,0.8434454739690894,15968
2014,039,Clarke,0.7988252561252083,3759
2014,065,Fayette,0.7955645852191502,16142
2014,001,Adair,0.8047600299348244,10893
2014,037,Chickasaw,0.7823609670818522,13165
2014,081,Hancock,0.80936833766006,17983
2014,157,Poweshiek,0.8397873660109669,11659
2014,165,Shelby,0.8177557866549322,15642
2014,185,Wayne,0.8143994777103989,5459
2014,097,Jackson,0.7917392276732098,8295
2014,043,Clayton,0.795087099757957,11769
2014,007,Appanoose,0.8280284570273462,3527
2014,177,Van Buren,0.8463652416665761,4773
2014,197,Wright,0.7957941854385198,16172
2014,137,Montgomery,0.7898029828034763,8060
2014,175,Union,0.8200063586157582,5858
2014,107,Keokuk,0.8435217930614206,9236
2014,131,Mitchell,0.8122256799971128,13736
2014,191,Winneshiek,0.8051961855171684,12378
2014,161,Sac,0.8399734842728398,14831
2014,055,Delaware,0.810873785339006,16943
2014,067,Floyd,0.7966492097566621,12986
2014,009,Audubon,0.8253395426535489,10878
2014,079,Hamilton,0.8197136973974091,17119
2014,069,Franklin,0.7935152665371324,17803
2014,141,O'Brien,0.8176441043943423,15203
2014,167,Sioux,0.8210414647969763,22341
2014,005,Allamakee,0.8022014147053831,5683
2014,189,Winnebago,0.8074922609433737,11833
2014,093,Ida,0.8320338749268061,10889
2014,029,Cass,0.8161662712309254,11866
2014,083,Hardin,0.809953297005444,16050
2014,173,Taylor,0.812390596596039,8544
2014,145,Page,0.8168701772910459,9637
2014,035,Cherokee,0.8275762965392528,13043
2014,071,Fremont,0.8122377851575672,9501
2014,095,Iowa,0.8298275313429553,9681
2014,023,Butler,0.8024831720944481,14561
2014,063,Emmet,0.7850145651285264,10138
2014,047,Crawford,0.8316232120461723,18134
2014,019,Buchanan,0.8110472300774655,16888
2014,143,Osceola,0.8026615402797642,10909
2014,073,Greene,0.844407026088232,15373
2014,087,Henry,0.8507049364277135,7101
2014,119,Lyon,0.7871177268338816,15779
2014,003,Adams,0.8159143922751261,7189
2014,133,Monona,0.7998669432139961,14827
2014,091,Humboldt,0.8161181227616806,12571
2014,115,Louisa,0.8399261525617482,6533
2014,171,Tama,0.8259682122773453,13805
2014,135,Monroe,0.8307101059016786,2836
2014,117,Lucas,0.8075294781167819,3162
2014,057,Des Moines,0.8351183182976436,6268
2014,011,Benton,0.8247612622753956,16169
2014,113,Linn,0.8104999677595419,13176
2014,105,Jones,0.7982388568031232,12830
2014,103,Johnson,0.8236344044215328,9189
2014,183,Washington,0.8400678346504601,9560
2014,045,Clinton,0.8159974473458438,16301
2014,163,Scott,0.8175815521013373,9016
2014,139,Muscatine,0.8255843045332919,7854
2014,169,Story,0.82113829311712,14030
2014,015,Boone,0.8344659733418263,14579
2014,121,Madison,0.8197428306323713,7309
2014,181,Warren,0.8125637331696314,6750
2014,049,Dallas,0.837280678543645,12572
2014,153,Polk,0.8178454244867036,7572
2014,077,Guthrie,0.8273918126883242,10696
2014,099,Jasper,0.8400531228418388,15238
2015,149,Plymouth,0.8313958198058544,19976
2015,193,Woodbury,0.8186875870275542,18920
2015,027,Carroll,0.8208919450747066,16193
2015,061,Dubuque,0.8254760273504594,12005
2015,101,Jefferson,0.790611562796085,6265
2015,187,Webster,0.8253271078961135,18124
2015,111,Lee,0.7738233282777698,6830
2015,127,Marshall,0.8434191843430828,12903
2015,195,Worth,0.830849839227486,9833
2015,033,Cerro Gordo,0.8174033826790216,14434
2015,051,Davis,0.773262631117408,4138
2015,179,Wapello,0.7858925713780532,5131
2015,041,Clay,0.825546753179441,13797
2015,059,Dickinson,0.8321759314857654,8456
2015,021,Buena Vista,0.8212601724809114,14219
2015,013,Black Hawk,0.8254197589479589,12809
2015,075,Grundy,0.8345777033892768,13767
2015,017,Bremer,0.8333896469153071,10593
2015,085,Harrison,0.8071697173590847,15035
2015,129,Mills,0.8045332723562111,8523
2015,155,Pottawattamie,0.8138132842268101,21263
2015,123,Mahaska,0.8289069689694218,11064
2015,125,Marion,0.8089008646702175,6849
2015,053,Decatur,0.8031085866618184,3529
2015,031,Cedar,0.8186651562872619,13624
2015,151,Pocahontas,0.8204549798705956,16623
2015,109,Kossuth,0.8325287512801716,28014
2015,089,Howard,0.8273982155135301,11075
2015,147,Palo Alto,0.823278793951938,16029
2015,159,Ringgold,0.7828567940089568,4664
2015,025,Calhoun,0.8186000261489549,15517
2015,039,Clarke,0.7894988761815095,3428
2015,065,Fayette,0.8215115500501764,15672
2015,001,Adair,0.7985820427275773,10843
2015,037,Chickasaw,0.8215226153842934,12664
2015,081,Hancock,0.8315630492604236,16873
2015,157,Poweshiek,0.8386595900469416,12274
2015,165,Shelby,0.8192957087411831,15194
2015,185,Wayne,0.7894122766733149,5662
2015,097,Jackson,0.8149985064872041,8668
2015,043,Clayton,0.8133150047492587,12346
2015,007,Appanoose,0.7790658207956892,3359
2015,177,Van Buren,0.7848984907151386,4373
2015,197,Wright,0.8282435937313214,15821
2015,137,Montgomery,0.7983981211494948,8074
2015,175,Union,0.7896314397892104,5391
2015,107,Keokuk,0.8293723938791232,9656
2015,131,Mitchell,0.8311015828856877,13077
2015,191,Winneshiek,0.8106303495900529,12733
2015,161,Sac,0.8226536174596207,15158
2015,055,Delaware,0.8261199254217727,17225
2015,067,Floyd,0.8056063732058131,12159
2015,009,Audubon,0.8085042393864708,10331
2015,079,Hamilton,0.842542906690897,16842
2015,069,Franklin,0.818530635064112,17065
2015,141,O'Brien,0.8327406065128825,15293
2015,167,Sioux,0.8330214527800986,22938
2015,005,Allamakee,0.8003748588688065,5762
2015,189,Winnebago,0.8369025663065894,11189
2015,093,Ida,0.8270109767583872,11049
2015,029,Cass,0.8028972728467415,12243
2015,083,Hardin,0.8421885121548175,16145
2015,173,Taylor,0.770251071950592,7372
2015,145,Page,0.7864668015433045,9173
2015,035,Cherokee,0.8297363720484732,13039
2015,071,Fremont,0.8020070473212194,9232
2015,095,Iowa,0.823037991075763,10171
2015,023,Butler,0.8277887405505031,14418
2015,063,Emmet,0.8348227696693559,10412
2015,047,Crawford,0.8204326637052809,18491
2015,019,Buchanan,0.8186535385095357,17037
2015,143,Osceola,0.8292852819482188,10818
2015,073,Greene,0.8152008872130477,15441
2015,087,Henry,0.8074330740285162,6797
2015,119,Lyon,0.8266015687397816,16027
2015,003,Adams,0.7776113705261949,6990
2015,133,Monona,0.8159153030102324,15268
2015,091,Humboldt,0.8275810861040861,12194
2015,115,Louisa,0.8079000588644261,7222
2015,171,Tama,0.835629003712233,14463
2015,135,Monroe,0.7747196500259342,2681
2015,117,Lucas,0.7853954764981016,2985
2015,057,Des Moines,0.7958306869979642,6342
2015,011,Benton,0.8276245759980171,16188
2015,113,Linn,0.8124304366054808,13375
2015,105,Jones,0.8172969040188753,13335
2015,103,Johnson,0.8159011201793794,9768
2015,183,Washington,0.8220962013289271,9876
2015,045,Clinton,0.8101327600777088,16760
2015,163,Scott,0.8196602059648301,9175
2015,139,Muscatine,0.8062325626521095,7877
2015,169,Story,0.8323089198444061,14084
2015,015,Boone,0.8281061435602262,14345
2015,121,Madison,0.8037640020024961,6690
2015,181,Warren,0.8096397285740657,5847
2015,049,Dallas,0.8114355902225877,12350
2015,153,Polk,0.8141817938780211,7379
2015,077,Guthrie,0.801396219893304,10967
2015,099,Jasper,0.8436233774706902,15196
2016,149,Plymouth,0.812072729803978,20239
2016,193,Woodbury,0.7996842522780845,19505
2016,027,Carroll,0.8321721335675821,17197
2016,061,Dubuque,0.840556346322674,11792
2016,101,Jefferson,0.8030331270298947,6043
2016,187,Webster,0.8319799824289656,19356
2016,111,Lee,0.8065408735281965,6775
2016,127,Marshall,0.857423348363527,13581
2016,195,Worth,0.833801704935584,10895
2016,033,Cerro Gordo,0.8436010520131844,15962
2016,051,Davis,0.80067843569608,3732
2016,179,Wapello,0.8130081187909031,5062
2016,041,Clay,0.808412061378936,14231
2016,059,Dickinson,0.7998787758375524,8685
2016,021,Buena Vista,0.8298652247669435,14888
2016,013,Black Hawk,0.8360744446571784,13536
2016,075,Grundy,0.8366474892544226,14551
2016,017,Bremer,0.8461519142480343,11332
2016,085,Harrison,0.815747270412008,16465
2016,129,Mills,0.8109807307190213,9023
2016,155,Pottawattamie,0.8239373104772106,22320
2016,123,Mahaska,0.829671338765121,11258
2016,125,Marion,0.822529015932023,7147
2016,053,Decatur,0.7996643426583266,3570
2016,031,Cedar,0.8404509909004303,13603
2016,151,Pocahontas,0.8356259004525355,16799
2016,109,Kossuth,0.8266820031399548,29915
2016,089,Howard,0.8428820595973251,11941
2016,147,Palo Alto,0.8228099754786469,17164
2016,159,Ringgold,0.7896301258851496,5191
2016,025,Calhoun,0.8398368518684465,16361
2016,039,Clarke,0.7963910343405495,3636
2016,065,Fayette,0.8381349883114277,16494
2016,001,Adair,0.8123933174592112,11406
2016,037,Chickasaw,0.8408363930598919,13716
2016,081,Hancock,0.8476186889901469,18457
2016,157,Poweshiek,0.841692609599156,12613
2016,165,Shelby,0.8264915716922024,16210
2016,185,Wayne,0.8072612410023117,5352
2016,097,Jackson,0.8445308221109508,9066
2016,043,Clayton,0.8393669768256397,11941
2016,007,Appanoose,0.7984283998359626,2879
2016,177,Van Buren,0.799388842166677,4715
2016,197,Wright,0.8427406839033513,17280
2016,137,Montgomery,0.8180044148507042,8576
2016,175,Union,0.8078382067616292,5732
2016,107,Keokuk,0.8252608541838723,9804
2016,131,Mitchell,0.8491472550930277,13778
2016,191,Winneshiek,0.8299659749249606,13074
2016,161,Sac,0.8351507203028499,15275
2016,055,Delaware,0.8540361391634061,17206
2016,067,Floyd,0.8419766616917272,13269
2016,009,Audubon,0.8157007993482543,11500
2016,079,Hamilton,0.8282842058604374,18301
2016,069,Franklin,0.852413669852022,19069
2016,141,O'Brien,0.8207692085067919,15508
2016,167,Sioux,0.8201732614682666,23167
2016,005,Allamakee,0.8277107963042215,5742
2016,189,Winnebago,0.8256880256238105,11766
2016,093,Ida,0.8235162492792947,11965
2016,029,Cass,0.8245762500984718,12413
2016,083,Hardin,0.8395788766058143,17118
2016,173,Taylor,0.7841133885795579,8392
2016,145,Page,0.8034400071945378,10094
2016,035,Cherokee,0.8191250286281394,13589
2016,071,Fremont,0.8026937215996374,10232
2016,095,Iowa,0.8323165372372533,10796
2016,023,Butler,0.8517611183390527,15702
2016,063,Emmet,0.8138045661296373,10568
2016,047,Crawford,0.8173373152101724,19628
2016,019,Buchanan,0.848679590321257,17645
2016,143,Osceola,0.8052959155336157,11066
2016,073,Greene,0.8471631480151637,15862
2016,087,Henry,0.8206183428283008,7078
2016,119,Lyon,0.8178233272451498,16332
2016,003,Adams,0.8145073413529137,7311
2016,133,Monona,0.7942211805663832,15488
2016,091,Humboldt,0.8432218753396845,13105
2016,115,Louisa,0.821562719892441,7057
2016,171,Tama,0.8449546036965219,14801
2016,135,Monroe,0.8010573423584928,2559
2016,117,Lucas,0.8065983092757335,2866
2016,057,Des Moines,0.8101338989532166,6518
2016,011,Benton,0.8546611615836865,16940
2016,113,Linn,0.8526879987295043,13337
2016,105,Jones,0.8579626806779652,13205
2016,103,Johnson,0.8275831905089399,9497
2016,183,Washington,0.8172508399645165,10109
2016,045,Clinton,0.8586329912263848,16829
2016,163,Scott,0.8439565695674196,9210
2016,139,Muscatine,0.822902982260697,8094
2016,169,Story,0.8484834626639604,15450
2016,015,Boone,0.8442738511387007,15081
2016,121,Madison,0.8160130146496561,7165
2016,181,Warren,0.819050382511194,6471
2016,049,Dallas,0.831126196454727,12964
2016,153,Polk,0.8376103719976844,7787
2016,077,Guthrie,0.8199129050851501,10990
2016,099,Jasper,0.856122265588711,16072
2017,149,Plymouth,0.8089896236465904,20086
2017,193,Woodbury,0.7872291819851315,18514
2017,027,Carroll,0.8007355002642542,15880
2017,061,Dubuque,0.8255806959073673,11968
2017,101,Jefferson,0.769231184071308,6575
2017,187,Webster,0.7949300884184688,17824
2017,111,Lee,0.7895103437526042,7230
2017,127,Marshall,0.8102084215195337,12853
2017,195,Worth,0.8099698772733511,9714
2017,033,Cerro Gordo,0.8031143816131864,14501
2017,051,Davis,0.7314920947270492,3946
2017,179,Wapello,0.771078149300844,5266
2017,041,Clay,0.8011903239922812,14025
2017,059,Dickinson,0.8057613929864845,8535
2017,021,Buena Vista,0.7996161846411157,14569
2017,013,Black Hawk,0.8049774024244448,13499
2017,075,Grundy,0.819811906006802,13546
2017,017,Bremer,0.8145056332250618,10900
2017,085,Harrison,0.7960074261945028,15800
2017,129,Mills,0.8138992752928871,8254
2017,155,Pottawattamie,0.8022195494981373,21170
2017,123,Mahaska,0.7870300171915563,11334
2017,125,Marion,0.7721602122990489,6914
2017,053,Decatur,0.7507928677262853,3632
2017,031,Cedar,0.8265473536328085,13152
2017,151,Pocahontas,0.7957888698648259,16419
2017,109,Kossuth,0.816802991511023,28069
2017,089,Howard,0.8099722387966606,11543
2017,147,Palo Alto,0.8139150227493126,16216
2017,159,Ringgold,0.7762548245420194,5639
2017,025,Calhoun,0.7943028821002909,15812
2017,039,Clarke,0.7219065482901672,3656
2017,065,Fayette,0.8060472614236803,16120
2017,001,Adair,0.7845133620817089,10963
2017,037,Chickasaw,0.8027297311641187,12884
2017,081,Hancock,0.8073720504112359,17088
2017,157,Poweshiek,0.8283994741995728,13016
2017,165,Shelby,0.811985850050112,15418
2017,185,Wayne,0.757558093262123,5603
2017,097,Jackson,0.8015078543875177,9045
2017,043,Clayton,0.8146436067859797,12302
2017,007,Appanoose,0.7762405351843272,3038
2017,177,Van Buren,0.7505690211172092,4562
2017,197,Wright,0.8124024857098967,16048
2017,137,Montgomery,0.8161816283575851,8413
2017,175,Union,0.751535071572315,5747
2017,107,Keokuk,0.8050604137547742,9930
2017,131,Mitchell,0.8102068043559254,12854
2017,191,Winneshiek,0.8031672617093063,13174
2017,161,Sac,0.7952550200287766,15095
2017,055,Delaware,0.838983986056057,17343
2017,067,Floyd,0.8059578660810535,12183
2017,009,Audubon,0.8017790612583154,10901
2017,079,Hamilton,0.8005246271229262,17400
2017,069,Franklin,0.8175848989896284,17499
2017,141,O'Brien,0.819148635086086,15243
2017,167,Sioux,0.826452555084164,22438
2017,005,Allamakee,0.7896454687180691,5770
2017,189,Winnebago,0.8182560251997483,10908
2017,093,Ida,0.8099861977437616,11099
2017,029,Cass,0.7987728643254505,12412
2017,083,Hardin,0.8171044958513038,16521
2017,173,Taylor,0.7978773908712087,8930
2017,145,Page,0.8148825869817514,9687
2017,035,Cherokee,0.7982981288459157,13124
2017,071,Fremont,0.8237792400579411,9821
2017,095,Iowa,0.8257649199141781,10309
2017,023,Butler,0.8081463862129655,15046
2017,063,Emmet,0.8278053370821952,10151
2017,047,Crawford,0.8084488217796459,18374
2017,019,Buchanan,0.8299028725818997,17229
2017,143,Osceola,0.8095903506699145,10833
2017,073,Greene,0.7985818897826276,15240
2017,087,Henry,0.7943476405655308,7044
2017,119,Lyon,0.8207027985585044,15874
2017,003,Adams,0.7946319703568321,7164
2017,133,Monona,0.7975118079645879,15613
2017,091,Humboldt,0.7995242929119866,12017
2017,115,Louisa,0.8231536852039583,7127
2017,171,Tama,0.8108015813721697,14529
2017,135,Monroe,0.770041058429471,2951
2017,117,Lucas,0.7419428777377225,2907
2017,057,Des Moines,0.8146543322219449,6685
2017,011,Benton,0.819684676003249,16539
2017,113,Linn,0.8247245888050249,13118
2017,105,Jones,0.8328197554079217,13020
2017,103,Johnson,0.8220436963213232,9614
2017,183,Washington,0.8189968201360575,10338
2017,045,Clinton,0.8097427543016449,17175
2017,163,Scott,0.8167682463743936,9415
2017,139,Muscatine,0.8240852121913855,7861
2017,169,Story,0.7960991512939699,14635
2017,015,Boone,0.7968883544743866,14079
2017,121,Madison,0.7672596821266803,6906
2017,181,Warren,0.7635562507917517,6013
2017,049,Dallas,0.7901573866384868,12325
2017,153,Polk,0.7859317877592407,7326
2017,077,Guthrie,0.7993210954263412,10590
2017,099,Jasper,0.8081183026702913,15300
2018,149,Plymouth,0.8208228732590453,19746
2018,193,Woodbury,0.8066052192048405,18563
2018,027,Carroll,0.8220691582070575,16235
2018,061,Dubuque,0.8004242739789748,11566
2018,101,Jefferson,0.7776430230920407,5920
2018,187,Webster,0.8088526110360493,17906
2018,111,Lee,0.7656936822908729,6497
2018,127,Marshall,0.8186316434078121,13413
2018,195,Worth,0.8106946604620334,10008
2018,033,Cerro Gordo,0.7947441728372429,14423
2018,051,Davis,0.7485660648652284,3659
2018,179,Wapello,0.7723400572310459,4889
2018,041,Clay,0.794499247905001,13776
2018,059,Dickinson,0.787539819625495,8293
2018,021,Buena Vista,0.8195745913176864,14480
2018,013,Black Hawk,0.8207700671713579,13288
2018,075,Grundy,0.8277119192929209,13974
2018,017,Bremer,0.8261161902556676,11292
2018,085,Harrison,0.7941510592555256,15260
2018,129,Mills,0.7962807628707609,8536
2018,155,Pottawattamie,0.8075195161141282,20971
2018,123,Mahaska,0.7786759352892054,11126
2018,125,Marion,0.7701209178473704,6879
2018,053,Decatur,0.7790565529637318,3474
2018,031,Cedar,0.807687092921216,13337
2018,151,Pocahontas,0.7947794550307125,16012
2018,109,Kossuth,0.7984173190978611,28016
2018,089,Howard,0.80117272573623,11895
2018,147,Palo Alto,0.7770144871400523,15756
2018,159,Ringgold,0.7757637922863787,5261
2018,025,Calhoun,0.8241566056861336,15419
2018,039,Clarke,0.7710468059130995,3199
2018,065,Fayette,0.8064993159234521,16533
2018,001,Adair,0.7745642601057261,10909
2018,037,Chickasaw,0.807296313004118,12979
2018,081,Hancock,0.7995778291744029,16630
2018,157,Poweshiek,0.8045042449262695,12387
2018,165,Shelby,0.808422991225687,15719
2018,185,Wayne,0.7607399647882676,4973
2018,097,Jackson,0.8050640999064873,9106
2018,043,Clayton,0.8068870694427379,11922
2018,007,Appanoose,0.7466358680150755,2879
2018,177,Van Buren,0.7661979646374036,4541
2018,197,Wright,0.8010359458398362,16227
2018,137,Montgomery,0.808222478488036,8304
2018,175,Union,0.7880444310773707,5626
2018,107,Keokuk,0.7957759287384043,9753
2018,131,Mitchell,0.814169989375969,12969
2018,191,Winneshiek,0.7962060559227859,13160
2018,161,Sac,0.8338943821160725,14396
2018,055,Delaware,0.809711330975698,16661
2018,067,Floyd,0.7965615479775331,12694
2018,009,Audubon,0.8059432747923237,11215
2018,079,Hamilton,0.8101024410504167,16987
2018,069,Franklin,0.8152188147807556,17862
2018,141,O'Brien,0.8034227306265601,14937
2018,167,Sioux,0.8114406526942892,22311
2018,005,Allamakee,0.7959724955046429,5827
2018,189,Winnebago,0.8002875919859556,11099
2018,093,Ida,0.8353327321787563,11088
2018,029,Cass,0.7948079250799085,12009
2018,083,Hardin,0.8306521451930686,16178
2018,173,Taylor,0.7891848137524117,7746
2018,145,Page,0.8039996407358759,10010
2018,035,Cherokee,0.8306226609894728,13342
2018,071,Fremont,0.8011492026679216,9711
2018,095,Iowa,0.8164393055702633,10651
2018,023,Butler,0.8231179469517158,14962
2018,063,Emmet,0.7765509965556358,9913
2018,047,Crawford,0.8262337350647937,18200
2018,019,Buchanan,0.8141786266320679,17243
2018,143,Osceola,0.7923767484424931,10406
2018,073,Greene,0.8102788260011162,14773
2018,087,Henry,0.7689633469501213,7034
2018,119,Lyon,0.8072601161735941,16066
2018,003,Adams,0.7997100459416212,6913
2018,133,Monona,0.7979713208193431,15089
2018,091,Humboldt,0.8024490452357226,12284
2018,115,Louisa,0.7676185953741609,6834
2018,171,Tama,0.8284517441248833,14692
2018,135,Monroe,0.754115042759589,2511
2018,117,Lucas,0.7561235464473776,2677
2018,057,Des Moines,0.7643935822987123,6290
2018,011,Benton,0.8168136042710232,16765
2018,113,Linn,0.8045791345893767,13016
2018,105,Jones,0.8080368422465201,13036
2018,103,Johnson,0.8000409287470547,9441
2018,183,Washington,0.7887193790076192,10132
2018,045,Clinton,0.8038613004748699,16597
2018,163,Scott,0.7958242836630485,9557
2018,139,Muscatine,0.7828723550296016,8138
2018,169,Story,0.7893059742209524,14156
2018,015,Boone,0.788089551770423,13867
2018,121,Madison,0.7729396583098221,7089
2018,181,Warren,0.765426830444824,5937
2018,049,Dallas,0.7677559861149896,11961
2018,153,Polk,0.762875788523043,7223
2018,077,Guthrie,0.7960537137363941,10288
2018,099,Jasper,0.8030692569634441,15437
2019,149,Plymouth,0.8152158824990358,21172
2019,193,Woodbury,0.8082591996971495,20395
2019,027,Carroll,0.8438569644723014,17018
2019,061,Dubuque,0.7761190068082061,12877
2019,101,Jefferson,0.7758093629609385,6257
2019,187,Webster,0.8254517109390878,19065
2019,111,Lee,0.7431948909111253,6445
2019,127,Marshall,0.8148016891696129,14254
2019,195,Worth,0.804247693983174,10636
2019,033,Cerro Gordo,0.8204431071744509,16005
2019,051,Davis,0.7451945795055115,3936
2019,179,Wapello,0.7900288901111678,4983
2019,041,Clay,0.7972165745012226,13879
2019,059,Dickinson,0.7860391937594969,8618
2019,021,Buena Vista,0.8086737036359576,15347
2019,013,Black Hawk,0.7978861760772309,14204
2019,075,Grundy,0.8105827640629961,15108
2019,017,Bremer,0.8155764531082926,12194
2019,085,Harrison,0.8276478783693976,15572
2019,129,Mills,0.8373342728952086,8042
2019,155,Pottawattamie,0.8283964478976352,21340
2019,123,Mahaska,0.799229284560101,11602
2019,125,Marion,0.7980538996950886,6915
2019,053,Decatur,0.7551262381855525,2859
2019,031,Cedar,0.7506326690519232,14280
2019,151,Pocahontas,0.808107781888063,16933
2019,109,Kossuth,0.824242409140279,28946
2019,089,Howard,0.7885264837682502,12974
2019,147,Palo Alto,0.8192351014669981,15240
2019,159,Ringgold,0.7595956559381045,4356
2019,025,Calhoun,0.8231521550674139,16342
2019,039,Clarke,0.7517021681431355,2842
2019,065,Fayette,0.8088198567864601,18647
2019,001,Adair,0.7798959637961568,10647
2019,037,Chickasaw,0.7986744467148628,14320
2019,081,Hancock,0.8246441068852403,18097
2019,157,Poweshiek,0.7933064943597773,14262
2019,165,Shelby,0.8539261435235561,16220
2019,185,Wayne,0.7466480801133483,5171
2019,097,Jackson,0.758137557647758,10168
2019,043,Clayton,0.7854393957326253,13525
2019,007,Appanoose,0.7572579548830621,2684
2019,177,Van Buren,0.7494407146326008,4092
2019,197,Wright,0.8224428563716217,16853
2019,137,Montgomery,0.8314105018991663,8770
2019,175,Union,0.7600719023862019,5136
2019,107,Keokuk,0.7892385588022043,10938
2019,131,Mitchell,0.7993475731285995,14562
2019,191,Winneshiek,0.7978184633241492,15296
2019,161,Sac,0.8368860881132937,16067
2019,055,Delaware,0.7920753257638554,18489
2019,067,Floyd,0.7970890364609252,13675
2019,009,Audubon,0.835813558226814,10747
2019,079,Hamilton,0.8121204080934287,17668
2019,069,Franklin,0.8106223027057832,18942
2019,141,O'Brien,0.7962853939948933,16138
2019,167,Sioux,0.8100990417485288,24252
2019,005,Allamakee,0.7826265044167998,6937
2019,189,Winnebago,0.8223804238054735,11723
2019,093,Ida,0.83435831918178,11941
2019,029,Cass,0.8197864326330766,12721
2019,083,Hardin,0.8083430839111448,17816
2019,173,Taylor,0.7785976719091698,8038
2019,145,Page,0.8106304228622985,10339
2019,035,Cherokee,0.8240185043205812,13917
2019,071,Fremont,0.835982774552047,8431
2019,095,Iowa,0.7684736436740597,10975
2019,023,Butler,0.8089272350988282,16477
2019,063,Emmet,0.8110130138151638,10502
2019,047,Crawford,0.844433185131974,19132
2019,019,Buchanan,0.8096113646115796,18937
2019,143,Osceola,0.7789374178011959,11142
2019,073,Greene,0.8397338477274748,15998
2019,087,Henry,0.7564871712734139,6753
2019,119,Lyon,0.7712237594310141,17327
2019,003,Adams,0.7825544823410587,6663
2019,133,Monona,0.8190988712885239,16120
2019,091,Humboldt,0.8281640608965575,12611
2019,115,Louisa,0.7484498048085912,7056
2019,171,Tama,0.7907858081049368,16003
2019,135,Monroe,0.7738061234205142,2274
2019,117,Lucas,0.7610989127653376,2742
2019,057,Des Moines,0.7502913093886355,6136
2019,011,Benton,0.7906013826882976,17665
2019,113,Linn,0.78965183714379,14292
2019,105,Jones,0.7674610455987785,14055
2019,103,Johnson,0.7440581118324603,9752
2019,183,Washington,0.7752147020727342,10624
2019,045,Clinton,0.7565370893207644,17424
2019,163,Scott,0.7480839948879154,9559
2019,139,Muscatine,0.7418682766069092,7982
2019,169,Story,0.8186884613890015,15380
2019,015,Boone,0.8265988272464313,14844
2019,121,Madison,0.7921642765252775,6430
2019,181,Warren,0.795433581684004,6179
2019,049,Dallas,0.8269693154003284,12025
2019,153,Polk,0.8034875162122128,7477
2019,077,Guthrie,0.8190815451714616,10572
2019,099,Jasper,0.8213989303876703,16713
2020,149,Plymouth,0.799538552427819,21461
2020,193,Woodbury,0.7848984939502163,19608
2020,027,Carroll,0.7707170970091417,17232
2020,061,Dubuque,0.7746711717936738,13194
2020,101,Jefferson,0.7895311698214339,6342
2020,187,Webster,0.7810144519945819,19257
2020,111,Lee,0.7899744293212329,6855
2020,127,Marshall,0.7674426877185079,14435
2020,195,Worth,0.8084431937811558,10924
2020,033,Cerro Gordo,0.8134027153890914,16510
2020,051,Davis,0.774778174301464,3722
2020,179,Wapello,0.7898277206216829,4903
2020,041,Clay,0.7812235200257981,13971
2020,059,Dickinson,0.7881980904249558,8874
2020,021,Buena Vista,0.7884367785320643,15165
2020,013,Black Hawk,0.7698298742195545,14783
2020,075,Grundy,0.7818631666363841,15419
2020,017,Bremer,0.7773596170730422,12540
2020,085,Harrison,0.7775197427454371,17102
2020,129,Mills,0.7949228156082803,9159
2020,155,Pottawattamie,0.7825767956459204,22669
2020,123,Mahaska,0.7843898583159714,11953
2020,125,Marion,0.7842272630156613,6995
2020,053,Decatur,0.7646264954421902,2799
2020,031,Cedar,0.7796348577383854,14352
2020,151,Pocahontas,0.8032494772243629,16718
2020,109,Kossuth,0.8160731721599265,28475
2020,089,Howard,0.7769631225137059,13343
2020,147,Palo Alto,0.798115434824868,16281
2020,159,Ringgold,0.7557520372951909,4643
2020,025,Calhoun,0.7872659255161542,16664
2020,039,Clarke,0.7612317875525351,2800
2020,065,Fayette,0.7695091642286084,18471
2020,001,Adair,0.7534858303995676,10447
2020,037,Chickasaw,0.7687340630039525,14633
2020,081,Hancock,0.824758152656122,18294
2020,157,Poweshiek,0.7690996736397395,13970
2020,165,Shelby,0.7813110444116365,16260
2020,185,Wayne,0.7752493393162131,5034
2020,097,Jackson,0.7825078125847359,10603
2020,043,Clayton,0.780182111174872,13335
2020,007,Appanoose,0.7518108950916698,2721
2020,177,Van Buren,0.7809389349902318,4523
2020,197,Wright,0.7866216751939316,17107
2020,137,Montgomery,0.7850657410702416,8730
2020,175,Union,0.7685471437137061,5063
2020,107,Keokuk,0.7858212296913665,10989
2020,131,Mitchell,0.7856338324082822,14647
2020,191,Winneshiek,0.7660497510538284,15181
2020,161,Sac,0.7752811281333228,15281
2020,055,Delaware,0.7801248622794825,18009
2020,067,Floyd,0.775818221407164,13989
2020,009,Audubon,0.7728967289248663,10719
2020,079,Hamilton,0.7862089439512274,17880
2020,069,Franklin,0.800875834614629,19574
2020,141,O'Brien,0.7909285942106462,16196
2020,167,Sioux,0.7945609736630745,24015
2020,005,Allamakee,0.7750581392635955,7014
2020,189,Winnebago,0.8391184758960915,11606
2020,093,Ida,0.7754448996428505,11564
2020,029,Cass,0.7731621134899318,12169
2020,083,Hardin,0.7704917970465411,17544
2020,173,Taylor,0.7794374276442487,7454
2020,145,Page,0.8050690731666212,10799
2020,035,Cherokee,0.7957523172461263,13859
2020,071,Fremont,0.815821238904564,10270
2020,095,Iowa,0.767728334183317,12097
2020,023,Butler,0.7760428319836524,16930
2020,063,Emmet,0.8166039000300868,10530
2020,047,Crawford,0.7855213335133109,19273
2020,019,Buchanan,0.780538091021025,19366
2020,143,Osceola,0.7908161976612778,11453
2020,073,Greene,0.7653240636036053,15328
2020,087,Henry,0.807017193743215,7112
2020,119,Lyon,0.8052864737244474,17326
2020,003,Adams,0.7707516813315759,6565
2020,133,Monona,0.7887588613216908,15949
2020,091,Humboldt,0.8094431418662923,13221
2020,115,Louisa,0.8082921718441995,7306
2020,171,Tama,0.7649715420211302,16151
2020,135,Monroe,0.7837980179395114,2085
2020,117,Lucas,0.7648770647921127,2588
2020,057,Des Moines,0.8022823737902918,6643
2020,011,Benton,0.7629765612365853,18173
2020,113,Linn,0.776837340440869,14481
2020,105,Jones,0.7660974535205246,14090
2020,103,Johnson,0.7743281850010441,10307
2020,183,Washington,0.7865606713412663,10964
2020,045,Clinton,0.7880052246371836,18045
2020,163,Scott,0.7824827770513532,10261
2020,139,Muscatine,0.7920358395208622,8776
2020,169,Story,0.7692236319938823,15188
2020,015,Boone,0.7842914401887578,14883
2020,121,Madison,0.7715269471904849,6693
2020,181,Warren,0.779908060325532,5715
2020,049,Dallas,0.7354991544453879,12478
2020,153,Polk,0.7565922946059355,7514
2020,077,Guthrie,0.730954729184859,10346
2020,099,Jasper,0.7733989799974659,17003
2021,149,Plymouth,0.7861508198922043,21083
2021,193,Woodbury,0.7970815069526411,18933
2021,027,Carroll,0.8151852425382552,15740
2021,061,Dubuque,0.8154534137926028,12531
2021,101,Jefferson,0.7888662994725814,6163
2021,187,Webster,0.8182411459545078,17823
2021,111,Lee,0.7855204029917054,6545
2021,127,Marshall,0.8112467003300773,12206
2021,195,Worth,0.8111180106953055,10252
2021,033,Cerro Gordo,0.815697118349799,14911
2021,051,Davis,0.7882913079265446,4149
2021,179,Wapello,0.8034270080171291,5072
2021,041,Clay,0.8045221451871162,13465
2021,059,Dickinson,0.7720393725141,8415
2021,021,Buena Vista,0.8146584399219184,14615
2021,013,Black Hawk,0.7995859764892558,13175
2021,075,Grundy,0.8117291062298598,13815
2021,017,Bremer,0.8154884485817967,11267
2021,085,Harrison,0.8133533046626192,16076
2021,129,Mills,0.8010138839564209,8672
2021,155,Pottawattamie,0.813911151475107,21231
2021,123,Mahaska,0.8162113401030472,11608
2021,125,Marion,0.8072158919412179,6451
2021,053,Decatur,0.7915125142364023,3080
2021,031,Cedar,0.8190168704429515,13590
2021,151,Pocahontas,0.8160590341547272,16238
2021,109,Kossuth,0.8062036014425038,27336
2021,089,Howard,0.8183820352711996,12125
2021,147,Palo Alto,0.8010337971045589,14576
2021,159,Ringgold,0.8050871290046694,4277
2021,025,Calhoun,0.8220925221604894,14851
2021,039,Clarke,0.7916100649956014,2883
2021,065,Fayette,0.8129163700116407,17280
2021,001,Adair,0.8071188247537334,9704
2021,037,Chickasaw,0.821439880238558,13577
2021,081,Hancock,0.822492203503128,17007
2021,157,Poweshiek,0.8035267591387271,12612
2021,165,Shelby,0.8233830287726769,15443
2021,185,Wayne,0.7864037631093292,5207
2021,097,Jackson,0.8121497720625519,10072
2021,043,Clayton,0.8138955155597503,12652
2021,007,Appanoose,0.7903114856531251,3009
2021,177,Van Buren,0.7781980105759237,4078
2021,197,Wright,0.809056134367668,15738
2021,137,Montgomery,0.8071871204738366,8583
2021,175,Union,0.8107023335459047,4909
2021,107,Keokuk,0.8065925209406237,10828
2021,131,Mitchell,0.8197229695584236,14092
2021,191,Winneshiek,0.816759333594982,14495
2021,161,Sac,0.8147553805257312,15097
2021,055,Delaware,0.8300761840721783,16760
2021,067,Floyd,0.8118274867332217,13409
2021,009,Audubon,0.8226191006123074,9971
2021,079,Hamilton,0.8176278799487897,16318
2021,069,Franklin,0.8112029426774177,17523
2021,141,O'Brien,0.815044647565236,15752
2021,167,Sioux,0.8176042908468495,22729
2021,005,Allamakee,0.8222691531278662,7326
2021,189,Winnebago,0.8134285735909551,11235
2021,093,Ida,0.8202425522633655,11442
2021,029,Cass,0.8145045842537889,12028
2021,083,Hardin,0.8107503334247609,16200
2021,173,Taylor,0.8106256547724608,7435
2021,145,Page,0.8112463950087728,9782
2021,035,Cherokee,0.8107431369115902,13656
2021,071,Fremont,0.8207951180466087,10407
2021,095,Iowa,0.813019994127615,10965
2021,023,Butler,0.8117281498516188,14927
2021,063,Emmet,0.7841585575595247,9992
2021,047,Crawford,0.8080867432619631,18027
2021,019,Buchanan,0.8227919562229763,17208
2021,143,Osceola,0.8072990640599158,10983
2021,073,Greene,0.8268723708868452,14305
2021,087,Henry,0.7840383868731846,6709
2021,119,Lyon,0.8099204672669741,16865
2021,003,Adams,0.8086466946513692,6442
2021,133,Monona,0.8054838776984177,15600
2021,091,Humboldt,0.8060008521084596,11934
2021,115,Louisa,0.8076487005023424,7237
2021,171,Tama,0.816554968983856,14640
2021,135,Monroe,0.7963366038486819,2551
2021,117,Lucas,0.7856429891472899,2790
2021,057,Des Moines,0.7829216981670727,6473
2021,011,Benton,0.8136562904628838,16601
2021,113,Linn,0.8100799386590601,13320
2021,105,Jones,0.8174474263914875,13104
2021,103,Johnson,0.8140944168283712,9968
2021,183,Washington,0.8147182096220696,10540
2021,045,Clinton,0.8203823183080007,17146
2021,163,Scott,0.8235014334579984,9645
2021,139,Muscatine,0.8200501276055444,8061
2021,169,Story,0.8119181417590735,12986
2021,015,Boone,0.8135771896303875,13023
2021,121,Madison,0.800676434861974,6084
2021,181,Warren,0.8005034629498609,5704
2021,049,Dallas,0.811769007526401,10905
2021,153,Polk,0.7988991280661933,6733
2021,077,Guthrie,0.8249702090810779,9705
2021,099,Jasper,0.8161115091056785,15074
2022,149,Plymouth,0.7971714311234216,21135
2022,193,Woodbury,0.8012345043883445,18413
2022,027,Carroll,0.8209159491548748,16109
2022,061,Dubuque,0.8111932974941546,12189
2022,101,Jefferson,0.8108275093978662,5910
2022,187,Webster,0.8132791347778473,17695
2022,111,Lee,0.7919472238565052,6165
2022,127,Marshall,0.8155775178273308,13514
2022,195,Worth,0.8183386064964889,10652
2022,033,Cerro Gordo,0.8054950316971772,15156
2022,051,Davis,0.785682751217026,3392
2022,179,Wapello,0.8169380473771302,4608
2022,041,Clay,0.7987880531750534,13832
2022,059,Dickinson,0.7956869775086588,8732
2022,021,Buena Vista,0.8084528371734325,14738
2022,013,Black Hawk,0.8015279721982421,12506
2022,075,Grundy,0.7959494460888321,14125
2022,017,Bremer,0.8073415450034818,10635
2022,085,Harrison,0.7769889020990165,15926
2022,129,Mills,0.7989182197240543,8868
2022,155,Pottawattamie,0.7961474042923383,21496
2022,123,Mahaska,0.8096586876991386,11061
2022,125,Marion,0.7788377688862359,6630
2022,053,Decatur,0.7677996746220969,2441
2022,031,Cedar,0.8399964424270737,13569
2022,151,Pocahontas,0.8247269790438337,16263
2022,109,Kossuth,0.8276932350430498,27082
2022,089,Howard,0.7881043796380429,12623
2022,147,Palo Alto,0.8222284300193838,15629
2022,159,Ringgold,0.7822767752197647,4372
2022,025,Calhoun,0.8240110679855107,16000
2022,039,Clarke,0.7440405499119628,2434
2022,065,Fayette,0.7941375399871055,16429
2022,001,Adair,0.7536447008058177,9867
2022,037,Chickasaw,0.7897305466019772,13461
2022,081,Hancock,0.81343317612284,15702
2022,157,Poweshiek,0.8111145926173856,12373
2022,165,Shelby,0.8135686830735466,15379
2022,185,Wayne,0.7898402554168142,4858
2022,097,Jackson,0.8175909720399204,9247
2022,043,Clayton,0.8005532015286416,11448
2022,007,Appanoose,0.7760811912129971,2320
2022,177,Van Buren,0.8008577572860577,4336
2022,197,Wright,0.8108324953103061,15789
2022,137,Montgomery,0.8017979501387289,8304
2022,175,Union,0.7661392190852341,4620
2022,107,Keokuk,0.8165284627127926,10064
2022,131,Mitchell,0.799742322646215,13798
2022,191,Winneshiek,0.7868131037276213,13471
2022,161,Sac,0.8222580476039424,15062
2022,055,Delaware,0.8211179682130152,16356
2022,067,Floyd,0.7945098439561418,13035
2022,009,Audubon,0.802695452569565,10310
2022,079,Hamilton,0.8050718238397244,16257
2022,069,Franklin,0.8035956805990785,17108
2022,141,O'Brien,0.8110838586971716,15460
2022,167,Sioux,0.812129412097415,22613
2022,005,Allamakee,0.7965809207177884,5964
2022,189,Winnebago,0.8246001569779631,10798
2022,093,Ida,0.8146334380447888,11161
2022,029,Cass,0.7820774441609661,11546
2022,083,Hardin,0.8068035331489068,15614
2022,173,Taylor,0.7916145945162721,6982
2022,145,Page,0.7934875656096811,10260
2022,035,Cherokee,0.7979598075396274,13538
2022,071,Fremont,0.8180118761732009,10129
2022,095,Iowa,0.8252476555739181,11228
2022,023,Butler,0.8033527847511875,14672
2022,063,Emmet,0.8277174615292467,10174
2022,047,Crawford,0.8087998043634403,18280
2022,019,Buchanan,0.8098454876438763,16380
2022,143,Osceola,0.8115901481293631,10994
2022,073,Greene,0.8131984427303284,14663
2022,087,Henry,0.8180756130598846,6884
2022,119,Lyon,0.8057343366942116,16462
2022,003,Adams,0.769486381127064,6018
2022,133,Monona,0.7876422182390735,15142
2022,091,Humboldt,0.818046516942787,11857
2022,115,Louisa,0.8307854468624708,7020
2022,171,Tama,0.8138742710269823,15271
2022,135,Monroe,0.7837388237154002,1993
2022,117,Lucas,0.7671447048636707,2421
2022,057,Des Moines,0.8233157984844679,6230
2022,011,Benton,0.8250103267370242,17234
2022,113,Linn,0.8175295894775529,13049
2022,105,Jones,0.8206787611713618,13189
2022,103,Johnson,0.8282609214560737,9603
2022,183,Washington,0.822373878165171,10120
2022,045,Clinton,0.8388920344032763,16604
2022,163,Scott,0.8405332788235632,9435
2022,139,Muscatine,0.8422102814188815,8081
2022,169,Story,0.8068106880264636,14142
2022,015,Boone,0.8006839059691817,13749
2022,121,Madison,0.780684932685633,6158
2022,181,Warren,0.7789310559407855,5389
2022,049,Dallas,0.7844001782883382,11850
2022,153,Polk,0.7805939576698594,6793
2022,077,Guthrie,0.791113995849579,9620
2022,099,Jasper,0.806557857766569,15576
2023,149,Plymouth,0.8153369454445782,21229
2023,193,Woodbury,0.7808676974726622,19353
2023,027,Carroll,0.8206672835372233,15780
2023,061,Dubuque,0.8013380235231856,12240
2023,101,Jefferson,0.8068040336331941,6051
2023,187,Webster,0.8467709896654975,17368
2023,111,Lee,0.8044389306021495,6607
2023,127,Marshall,0.8444948120885045,13233
2023,195,Worth,0.8088526383058002,10380
2023,033,Cerro Gordo,0.8338230539542468,15289
2023,051,Davis,0.7766236091166755,3973
2023,179,Wapello,0.8090171957382931,4929
2023,041,Clay,0.831054741517086,13206
2023,059,Dickinson,0.8140483169366317,8480
2023,021,Buena Vista,0.8207660617833482,14749
2023,013,Black Hawk,0.7850407182697311,12963
2023,075,Grundy,0.8280471058654127,14262
2023,017,Bremer,0.8156431258790551,11039
2023,085,Harrison,0.8032731336767251,15767
2023,129,Mills,0.8345394993387335,8876
2023,155,Pottawattamie,0.8271469828672091,21592
2023,123,Mahaska,0.8359549576094153,11179
2023,125,Marion,0.8254470938169491,6307
2023,053,Decatur,0.8334425537565815,3242
2023,031,Cedar,0.8203593986446452,13941
2023,151,Pocahontas,0.8411450050385758,16448
2023,109,Kossuth,0.84322844091271,27038
2023,089,Howard,0.815738747767829,12358
2023,147,Palo Alto,0.8387941787133787,14492
2023,159,Ringgold,0.8353787186187637,4286
2023,025,Calhoun,0.8392410892927887,15110
2023,039,Clarke,0.8281327586191738,3009
2023,065,Fayette,0.8049648092043776,16975
2023,001,Adair,0.8182012765106284,9701
2023,037,Chickasaw,0.8064647565163423,13567
2023,081,Hancock,0.8434146637230459,16811
2023,157,Poweshiek,0.8330669976353173,12610
2023,165,Shelby,0.8219172673470964,15725
2023,185,Wayne,0.83168069989028,5414
2023,097,Jackson,0.7839408780897266,9755
2023,043,Clayton,0.8060306699048918,12042
2023,007,Appanoose,0.8148988956544679,3056
2023,177,Van Buren,0.7872052449937915,4115
2023,197,Wright,0.8402193888019542,15449
2023,137,Montgomery,0.8322612705634065,8733
2023,175,Union,0.8366551694284685,5007
2023,107,Keokuk,0.8347604711847302,10489
2023,131,Mitchell,0.7998465013750061,13965
2023,191,Winneshiek,0.8083214857862753,14176
2023,161,Sac,0.8214578943550204,15068
2023,055,Delaware,0.8094924732160312,17262
2023,067,Floyd,0.8157101336078785,12949
2023,009,Audubon,0.8214534306841816,9912
2023,079,Hamilton,0.8533197530247271,16118
2023,069,Franklin,0.8454961831777603,17368
2023,141,O'Brien,0.8436636824556695,15636
2023,167,Sioux,0.8261579423048311,22353
2023,005,Allamakee,0.7979489714609956,6218
2023,189,Winnebago,0.8483002907417052,11299
2023,093,Ida,0.806994279518099,11582
2023,029,Cass,0.8339712372572843,11919
2023,083,Hardin,0.8474859421613903,16127
2023,173,Taylor,0.8362178612985539,7297
2023,145,Page,0.844439911362054,9957
2023,035,Cherokee,0.827187381083427,13581
2023,071,Fremont,0.849966791050366,10797
2023,095,Iowa,0.8131874123589464,10910
2023,023,Butler,0.8147689454473035,14499
2023,063,Emmet,0.8372904504780859,10460
2023,047,Crawford,0.8016047917241088,17805
2023,019,Buchanan,0.801134321824593,17555
2023,143,Osceola,0.8252458604179469,10744
2023,073,Greene,0.8454154452673234,14529
2023,087,Henry,0.8044816211416379,6685
2023,119,Lyon,0.8179226454380032,16622
2023,003,Adams,0.8350846074197664,6576
2023,133,Monona,0.7967786086169603,15226
2023,091,Humboldt,0.8238867303886951,11790
2023,115,Louisa,0.8071238163656863,7121
2023,171,Tama,0.8202126931439625,14904
2023,135,Monroe,0.8094738000824284,2436
2023,117,Lucas,0.8114577815598011,2845
2023,057,Des Moines,0.8070338414443371,6520
2023,011,Benton,0.8029097120265871,17233
2023,113,Linn,0.7767767885246343,13431
2023,105,Jones,0.7949971560229382,13244
2023,103,Johnson,0.7996526145770321,9945
2023,183,Washington,0.8097240021672331,10172
2023,045,Clinton,0.7991101484346196,17130
2023,163,Scott,0.8036949790847997,9529
2023,139,Muscatine,0.8120057748342859,7974
2023,169,Story,0.8487208285472795,13685
2023,015,Boone,0.8571931728582707,13452
2023,121,Madison,0.8231607148802276,5834
2023,181,Warren,0.8247391960050834,5399
2023,049,Dallas,0.826418734784659,10993
2023,153,Polk,0.8248501305400523,6760
2023,077,Guthrie,0.8209064765732281,9678
2023,099,Jasper,0.8565248895292321,15162
