year,county_fips,county_name,ndvi_mean
2010,149,Plymouth,0.7998789605224561
2010,193,Woodbury,0.7838380270935188
2010,027,Carroll,0.8145376406444406
2010,061,Dubuque,0.7841381111849594
2010,101,Jefferson,0.7749206741990203
2010,187,Webster,0.788663997147774
2010,111,Lee,0.7302903541738112
2010,127,Marshall,0.8204107757026002
2010,195,Worth,0.8244853724086276
2010,033,Cerro Gordo,0.7917899188263484
2010,051,Davis,0.7849266907087867
2010,179,Wapello,0.7670643647448837
2010,041,Clay,0.7924675930835967
2010,059,Dickinson,0.7511978431968672
2010,021,Buena Vista,0.7965697853405239
2010,013,Black Hawk,0.7812735121422062
2010,075,Grundy,0.823991244444431
2010,017,Bremer,0.8060434232300908
2010,085,Harrison,0.7938214136118003
2010,129,Mills,0.7937285292180711
2010,155,Pottawattamie,0.7888038407804019
2010,123,Mahaska,0.7550163860571293
2010,125,Marion,0.7180721037693828
2010,053,Decatur,0.7803018341789336
2010,031,Cedar,0.7846137658740996
2010,151,Pocahontas,0.7941661172515417
2010,109,Kossuth,0.8052795810541754
2010,089,Howard,0.8202127171052979
2010,147,Palo Alto,0.7840189298150204
2010,159,Ringgold,0.7747333577851983
2010,025,Calhoun,0.795011875916527
2010,039,Clarke,0.7774701254578353
2010,065,Fayette,0.807358798362767
2010,001,Adair,0.7791758376103851
2010,037,Chickasaw,0.8230581710334497
2010,081,Hancock,0.8018133632110839
2010,157,Poweshiek,0.786622836226715
2010,165,Shelby,0.8199303857100939
2010,185,Wayne,0.7601001892968137
2010,097,Jackson,0.794083987295424
2010,043,Clayton,0.8057969005521198
2010,007,Appanoose,0.7454395463143166
2010,177,Van Buren,0.7788726422772576
2010,197,Wright,0.7692698590252941
2010,137,Montgomery,0.7938710008099109
2010,175,Union,0.7661908627417616
2010,107,Keokuk,0.7677967517234408
2010,131,Mitchell,0.8236625516662187
2010,191,Winneshiek,0.8172254243538078
2010,161,Sac,0.818125031428105
2010,055,Delaware,0.8088795188035324
2010,067,Floyd,0.8141813442885282
2010,009,Audubon,0.7979316588580285
2010,079,Hamilton,0.8031075827889576
2010,069,Franklin,0.8057531340916949
2010,141,O'Brien,0.7994847578385434
2010,167,Sioux,0.8085304524190516
2010,005,Allamakee,0.8128536843066234
2010,189,Winnebago,0.8157324791423258
2010,093,Ida,0.823124962292736
2010,029,Cass,0.791942411043811
2010,083,Hardin,0.8232897982875139
2010,173,Taylor,0.7693522815741042
2010,145,Page,0.7900130060792548
2010,035,Cherokee,0.8067923132362411
2010,071,Fremont,0.7785747406620526
2010,095,Iowa,0.7908658984191329
2010,023,Butler,0.8174215300795442
2010,063,Emmet,0.7888727054206061
2010,047,Crawford,0.8308489837495711
2010,019,Buchanan,0.8036172943635796
2010,143,Osceola,0.8000387035030783
2010,073,Greene,0.7993464651243167
2010,087,Henry,0.7552376730921929
2010,119,Lyon,0.8077897249930871
2010,003,Adams,0.7758512481797214
2010,133,Monona,0.7963839481596219
2010,091,Humboldt,0.7782979391941065
2010,115,Louisa,0.7685922155191283
2010,171,Tama,0.8062305936266086
2010,135,Monroe,0.786751117586749
2010,117,Lucas,0.7750540385550106
2010,057,Des Moines,0.745843508892382
2010,011,Benton,0.8126772766802578
2010,113,Linn,0.7793987788627937
2010,105,Jones,0.7900327436634461
2010,103,Johnson,0.764995047817773
2010,183,Washington,0.7746920253894805
2010,045,Clinton,0.7779733363879505
2010,163,Scott,0.743145121033525
2010,139,Muscatine,0.764057876511431
2010,169,Story,0.7913144810377012
2010,015,Boone,0.7938329668959909
2010,121,Madison,0.7867251471230693
2010,181,Warren,0.768849662692244
2010,049,Dallas,0.7839629909577372
2010,153,Polk,0.7042200963325307
2010,077,Guthrie,0.7934626924840162
2010,099,Jasper,0.7909190706486049
2011,149,Plymouth,0.7849200770753457
2011,193,Woodbury,0.7591767926101671
2011,027,Carroll,0.8096146743308751
2011,061,Dubuque,0.7764928840266027
2011,101,Jefferson,0.7408373849441776
2011,187,Webster,0.8127120291930123
2011,111,Lee,0.7353864537747704
2011,127,Marshall,0.79208731708397
2011,195,Worth,0.7994729558107484
2011,033,Cerro Gordo,0.787751911707758
2011,051,Davis,0.7521674065879049
2011,179,Wapello,0.7682622847511071
2011,041,Clay,0.7714978689745967
2011,059,Dickinson,0.7300598038925353
2011,021,Buena Vista,0.7938041277532324
2011,013,Black Hawk,0.7649701109298677
2011,075,Grundy,0.8063051453304029
2011,017,Bremer,0.8124821585317025
2011,085,Harrison,0.7663032918024282
2011,129,Mills,0.7588406518210918
2011,155,Pottawattamie,0.7578988806318909
2011,123,Mahaska,0.7807389793620737
2011,125,Marion,0.7285338765536831
2011,053,Decatur,0.7888223644108497
2011,031,Cedar,0.7901888333343025
2011,151,Pocahontas,0.8080876443618069
2011,109,Kossuth,0.8004553846796174
2011,089,Howard,0.798204621959511
2011,147,Palo Alto,0.7763395133240117
2011,159,Ringgold,0.7782201324109861
2011,025,Calhoun,0.8130103609451953
2011,039,Clarke,0.7721198131623823
2011,065,Fayette,0.8026988560191042
2011,001,Adair,0.7771121407585198
2011,037,Chickasaw,0.8083807178159574
2011,081,Hancock,0.804095337373023
2011,157,Poweshiek,0.7938131835085556
2011,165,Shelby,0.8007721987267963
2011,185,Wayne,0.7772560661901405
2011,097,Jackson,0.7854199068249615
2011,043,Clayton,0.8052901347989787
2011,007,Appanoose,0.7488997308583072
2011,177,Van Buren,0.7504164443895152
2011,197,Wright,0.8133757971281741
2011,137,Montgomery,0.7848259453372142
2011,175,Union,0.766065468354968
2011,107,Keokuk,0.7750741130243288
2011,131,Mitchell,0.8009647593002898
2011,191,Winneshiek,0.7970772765488199
2011,161,Sac,0.7973044603577387
2011,055,Delaware,0.8070336480218868
2011,067,Floyd,0.8101258185232171
2011,009,Audubon,0.8005941686168294
2011,079,Hamilton,0.80675849939997
2011,069,Franklin,0.8175518775048212
2011,141,O'Brien,0.7952268015242416
2011,167,Sioux,0.7958911142668434
2011,005,Allamakee,0.7890700443029246
2011,189,Winnebago,0.8022773962721641
2011,093,Ida,0.7966832407625031
2011,029,Cass,0.7939048063450029
2011,083,Hardin,0.8154595250776072
2011,173,Taylor,0.784289364547404
2011,145,Page,0.7880727307639207
2011,035,Cherokee,0.8059526728427397
2011,071,Fremont,0.7009416369849636
2011,095,Iowa,0.789930592540869
2011,023,Butler,0.8118672263844827
2011,063,Emmet,0.7732733914626113
2011,047,Crawford,0.8088151931104297
2011,019,Buchanan,0.8024782483774945
2011,143,Osceola,0.8066838070515809
2011,073,Greene,0.821682700562412
2011,087,Henry,0.7513980200740998
2011,119,Lyon,0.7973357843965396
2011,003,Adams,0.776845534065608
2011,133,Monona,0.7504548981053898
2011,091,Humboldt,0.8161069545042212
2011,115,Louisa,0.7594456000703776
2011,171,Tama,0.7912207769217912
2011,135,Monroe,0.7864532736119418
2011,117,Lucas,0.784461376055064
2011,057,Des Moines,0.7506007791008354
2011,011,Benton,0.7891166490791126
2011,113,Linn,0.7637721674326512
2011,105,Jones,0.7933282782678847
2011,103,Johnson,0.7571243190275626
2011,183,Washington,0.7586151819230358
2011,045,Clinton,0.7716031357892548
2011,163,Scott,0.7484603546907079
2011,139,Muscatine,0.7688138967296734
2011,169,Story,0.7846676616368062
2011,015,Boone,0.8036364076110623
2011,121,Madison,0.7737533527820533
2011,181,Warren,0.7611718976588053
2011,049,Dallas,0.7762803063447365
2011,153,Polk,0.7050755780554332
2011,077,Guthrie,0.7933602585367209
2011,099,Jasper,0.7900303505199299
2012,149,Plymouth,0.7067100588169531
2012,193,Woodbury,0.7312272878593449
2012,027,Carroll,0.7040585473018167
2012,061,Dubuque,0.7231101911078547
2012,101,Jefferson,0.7224532949854259
2012,187,Webster,0.7500493232542774
2012,111,Lee,0.7293616757661461
2012,127,Marshall,0.7693228672904314
2012,195,Worth,0.7626041534098924
2012,033,Cerro Gordo,0.7184305096323592
2012,051,Davis,0.6667936147565363
2012,179,Wapello,0.7055102521649562
2012,041,Clay,0.7755246184906067
2012,059,Dickinson,0.7351676196393461
2012,021,Buena Vista,0.7368565549387942
2012,013,Black Hawk,0.7158469996642024
2012,075,Grundy,0.7771086709831082
2012,017,Bremer,0.767972112122412
2012,085,Harrison,0.7279963017959042
2012,129,Mills,0.7225457553804686
2012,155,Pottawattamie,0.7076908915562002
2012,123,Mahaska,0.7407682490948619
2012,125,Marion,0.7072298615896173
2012,053,Decatur,0.7106053622018149
2012,031,Cedar,0.7670106933554982
2012,151,Pocahontas,0.7556935007777956
2012,109,Kossuth,0.7806633087958845
2012,089,Howard,0.7592918557776624
2012,147,Palo Alto,0.781218465495313
2012,159,Ringgold,0.6988670776002938
2012,025,Calhoun,0.7239883748704266
2012,039,Clarke,0.7058849624052633
2012,065,Fayette,0.776894942548407
2012,001,Adair,0.6829696546379702
2012,037,Chickasaw,0.7599074401190626
2012,081,Hancock,0.7572547376217464
2012,157,Poweshiek,0.7573098203126728
2012,165,Shelby,0.7547163786086023
2012,185,Wayne,0.6848631843197485
2012,097,Jackson,0.71538685202094
2012,043,Clayton,0.7655849388708862
2012,007,Appanoose,0.6531985195489853
2012,177,Van Buren,0.7386394061606785
2012,197,Wright,0.7733030119299346
2012,137,Montgomery,0.7284128207669015
2012,175,Union,0.6868182034585094
2012,107,Keokuk,0.7416431718952415
2012,131,Mitchell,0.7414721545659497
2012,191,Winneshiek,0.7654746708314389
2012,161,Sac,0.7401115509530015
2012,055,Delaware,0.7578554689110019
2012,067,Floyd,0.7390021159722229
2012,009,Audubon,0.7024294398280378
2012,079,Hamilton,0.7578406459733098
2012,069,Franklin,0.7655350616280557
2012,141,O'Brien,0.7915212733529113
2012,167,Sioux,0.7538631554021819
2012,005,Allamakee,0.7682814652701698
2012,189,Winnebago,0.7717876336284155
2012,093,Ida,0.769470341801359
2012,029,Cass,0.6980780760422386
2012,083,Hardin,0.7754252863121204
2012,173,Taylor,0.7148095806568501
2012,145,Page,0.728298629447756
2012,035,Cherokee,0.7736407267499797
2012,071,Fremont,0.7359685047600195
2012,095,Iowa,0.7505873461606513
2012,023,Butler,0.737433394911383
2012,063,Emmet,0.7692708057135252
2012,047,Crawford,0.7518664090155007
2012,019,Buchanan,0.7589752117373095
2012,143,Osceola,0.7864286918430295
2012,073,Greene,0.7250559950618237
2012,087,Henry,0.7537748012755473
2012,119,Lyon,0.7676853442041479
2012,003,Adams,0.7033553965472457
2012,133,Monona,0.7413204176513296
2012,091,Humboldt,0.7567866416351671
2012,115,Louisa,0.761472414596448
2012,171,Tama,0.7665670932645084
2012,135,Monroe,0.7160111324371853
2012,117,Lucas,0.7109480294369027
2012,057,Des Moines,0.7437478101566726
2012,011,Benton,0.7423424065499156
2012,113,Linn,0.7161734686797805
2012,105,Jones,0.7333854339417806
2012,103,Johnson,0.7193281223207035
2012,183,Washington,0.7492578482841189
2012,045,Clinton,0.7445366822985957
2012,163,Scott,0.7151444704771807
2012,139,Muscatine,0.7396347487968059
2012,169,Story,0.7669447515140781
2012,015,Boone,0.7611725231693887
2012,121,Madison,0.684970246398134
2012,181,Warren,0.6993681703476214
2012,049,Dallas,0.7133638944984424
2012,153,Polk,0.6810864874102683
2012,077,Guthrie,0.6975550087582042
2012,099,Jasper,0.7575491205826848
2013,149,Plymouth,0.748269774691191
2013,193,Woodbury,0.7392978635463054
2013,027,Carroll,0.7257523676784371
2013,061,Dubuque,0.7833475191460932
2013,101,Jefferson,0.74621593888461
2013,187,Webster,0.7048777178877069
2013,111,Lee,0.7258389250601407
2013,127,Marshall,0.7301282858716205
2013,195,Worth,0.661196565610942
2013,033,Cerro Gordo,0.7030409912811029
2013,051,Davis,0.7513109110500891
2013,179,Wapello,0.7486323731656974
2013,041,Clay,0.7332264809179433
2013,059,Dickinson,0.7199766874210762
2013,021,Buena Vista,0.7125485127899869
2013,013,Black Hawk,0.7230627405263357
2013,075,Grundy,0.7291972341056698
2013,017,Bremer,0.7583928417408274
2013,085,Harrison,0.7644650233755248
2013,129,Mills,0.7622319560632785
2013,155,Pottawattamie,0.7549660653071878
2013,123,Mahaska,0.7486859041768525
2013,125,Marion,0.7160277563183061
2013,053,Decatur,0.7458829060983494
2013,031,Cedar,0.7566538199662969
2013,151,Pocahontas,0.703013540567864
2013,109,Kossuth,0.7233795988734233
2013,089,Howard,0.6709392668503099
2013,147,Palo Alto,0.7238672881914451
2013,159,Ringgold,0.7247311388180514
2013,025,Calhoun,0.7059029866610937
2013,039,Clarke,0.74575620636842
2013,065,Fayette,0.7498956158012932
2013,001,Adair,0.7065590786899989
2013,037,Chickasaw,0.7381889305268512
2013,081,Hancock,0.7389454206143823
2013,157,Poweshiek,0.7444236177976082
2013,165,Shelby,0.7534578651869699
2013,185,Wayne,0.7235124677671723
2013,097,Jackson,0.7729546512335553
2013,043,Clayton,0.77806317049433
2013,007,Appanoose,0.7130213389089082
2013,177,Van Buren,0.7653081401542863
2013,197,Wright,0.7179310092031264
2013,137,Montgomery,0.7481027486091177
2013,175,Union,0.7233990591240661
2013,107,Keokuk,0.7564839151293724
2013,131,Mitchell,0.6720045714355484
2013,191,Winneshiek,0.7434520786984279
2013,161,Sac,0.7269644403118746
2013,055,Delaware,0.7834956349911674
2013,067,Floyd,0.7132875626353586
2013,009,Audubon,0.7357356467045655
2013,079,Hamilton,0.7028363067303685
2013,069,Franklin,0.7386545967958337
2013,141,O'Brien,0.7414997006249656
2013,167,Sioux,0.7483059031300573
2013,005,Allamakee,0.7653220691399726
2013,189,Winnebago,0.6860896061680857
2013,093,Ida,0.7458789803517061
2013,029,Cass,0.7389335868098409
2013,083,Hardin,0.7235137938355001
2013,173,Taylor,0.7344514614895506
2013,145,Page,0.7291587863324002
2013,035,Cherokee,0.7371062124073489
2013,071,Fremont,0.7588335276143946
2013,095,Iowa,0.7508794183394337
2013,023,Butler,0.752984512848203
2013,063,Emmet,0.7384435610078854
2013,047,Crawford,0.7339541241507326
2013,019,Buchanan,0.7343346658108796
2013,143,Osceola,0.7399339146052702
2013,073,Greene,0.7154337606671578
2013,087,Henry,0.7498605258144393
2013,119,Lyon,0.7467908869845422
2013,003,Adams,0.7280596040575331
2013,133,Monona,0.763201929858436
2013,091,Humboldt,0.7143215174684845
2013,115,Louisa,0.7438379342657659
2013,171,Tama,0.7315314206259365
2013,135,Monroe,0.746382474141741
2013,117,Lucas,0.7517201505095537
2013,057,Des Moines,0.7431518459151758
2013,011,Benton,0.7410451574730528
2013,113,Linn,0.7486607383932035
2013,105,Jones,0.7744147050674155
2013,103,Johnson,0.742277933920675
2013,183,Washington,0.7508188270663038
2013,045,Clinton,0.7595860249298982
2013,163,Scott,0.7242792242517242
2013,139,Muscatine,0.7423771222223263
2013,169,Story,0.6865278441963243
2013,015,Boone,0.7346652572816107
2013,121,Madison,0.7356419924415334
2013,181,Warren,0.7513534098489214
2013,049,Dallas,0.7207327190060819
2013,153,Polk,0.6597605085903188
2013,077,Guthrie,0.7246638308600805
2013,099,Jasper,0.7342790215324835
2014,149,Plymouth,0.7949065504591181
2014,193,Woodbury,0.7571159668992029
2014,027,Carroll,0.8281502505322316
2014,061,Dubuque,0.7838066302502507
2014,101,Jefferson,0.8262327158345575
2014,187,Webster,0.8109618551598173
2014,111,Lee,0.8038125469051658
2014,127,Marshall,0.8098274567018527
2014,195,Worth,0.7847846364135258
2014,033,Cerro Gordo,0.7743126135984397
2014,051,Davis,0.8189000027639748
2014,179,Wapello,0.8190763132804194
2014,041,Clay,0.771564723517573
2014,059,Dickinson,0.7360691348398715
2014,021,Buena Vista,0.7856504673902145
2014,013,Black Hawk,0.7568430919524834
2014,075,Grundy,0.7943465314949791
2014,017,Bremer,0.7705237757427225
2014,085,Harrison,0.7833551626102838
2014,129,Mills,0.7839499990395774
2014,155,Pottawattamie,0.7376734231842172
2014,123,Mahaska,0.8164781863223601
2014,125,Marion,0.7603958193709609
2014,053,Decatur,0.7931097410090464
2014,031,Cedar,0.7981112779815909
2014,151,Pocahontas,0.7965989946729111
2014,109,Kossuth,0.7852508125356553
2014,089,Howard,0.792246422399608
2014,147,Palo Alto,0.7651861754758266
2014,159,Ringgold,0.7977175453031998
2014,025,Calhoun,0.8225978981389666
2014,039,Clarke,0.7892640848655976
2014,065,Fayette,0.7840908052862494
2014,001,Adair,0.7857267800636899
2014,037,Chickasaw,0.766486849472481
2014,081,Hancock,0.789192809099279
2014,157,Poweshiek,0.8119041708661205
2014,165,Shelby,0.8061833187225078
2014,185,Wayne,0.7914979749238906
2014,097,Jackson,0.782133126375198
2014,043,Clayton,0.7961502233656987
2014,007,Appanoose,0.7891416827708005
2014,177,Van Buren,0.8323879375599343
2014,197,Wright,0.7640790484657156
2014,137,Montgomery,0.7774238799361207
2014,175,Union,0.7986798563312433
2014,107,Keokuk,0.8192277435848829
2014,131,Mitchell,0.7933432613259171
2014,191,Winneshiek,0.7983474043528158
2014,161,Sac,0.8200870162766596
2014,055,Delaware,0.7976247088631875
2014,067,Floyd,0.7771747548927067
2014,009,Audubon,0.8086727419268507
2014,079,Hamilton,0.7940616821613266
2014,069,Franklin,0.7758277122146512
2014,141,O'Brien,0.798070157521316
2014,167,Sioux,0.802064929923631
2014,005,Allamakee,0.7987182906601694
2014,189,Winnebago,0.7833546796908483
2014,093,Ida,0.811286603815489
2014,029,Cass,0.800348372108153
2014,083,Hardin,0.7867971575791303
2014,173,Taylor,0.8048903577355856
2014,145,Page,0.8072369028560448
2014,035,Cherokee,0.8054657337247354
2014,071,Fremont,0.7988153696234099
2014,095,Iowa,0.8016596566291113
2014,023,Butler,0.7820517312988334
2014,063,Emmet,0.7525534019372785
2014,047,Crawford,0.8184614479196275
2014,019,Buchanan,0.7886816045541365
2014,143,Osceola,0.786406790079244
2014,073,Greene,0.8252425007428679
2014,087,Henry,0.8284478229395322
2014,119,Lyon,0.7697362350042722
2014,003,Adams,0.8000748989598049
2014,133,Monona,0.7821142353112849
2014,091,Humboldt,0.7897956614465887
2014,115,Louisa,0.8025345321589191
2014,171,Tama,0.8027021763868113
2014,135,Monroe,0.8219010133501768
2014,117,Lucas,0.8021733097521071
2014,057,Des Moines,0.8011379826452499
2014,011,Benton,0.7971293075914445
2014,113,Linn,0.7680227208988877
2014,105,Jones,0.7821535610599071
2014,103,Johnson,0.7815873135582633
2014,183,Washington,0.8135677405551347
2014,045,Clinton,0.7847501844382802
2014,163,Scott,0.7663889999764028
2014,139,Muscatine,0.7913335185651842
2014,169,Story,0.7870429995435198
2014,015,Boone,0.8118932600977921
2014,121,Madison,0.7993997277524693
2014,181,Warren,0.7894662004044825
2014,049,Dallas,0.8037563951841412
2014,153,Polk,0.7219346653123669
2014,077,Guthrie,0.8028081188793765
2014,099,Jasper,0.815441201661643
2015,149,Plymouth,0.8095301889917745
2015,193,Woodbury,0.7875047501104827
2015,027,Carroll,0.8043745577341423
2015,061,Dubuque,0.7987558007580596
2015,101,Jefferson,0.7783634839532433
2015,187,Webster,0.8009704863122478
2015,111,Lee,0.7560250041786643
2015,127,Marshall,0.8207813656975984
2015,195,Worth,0.8131939181483123
2015,033,Cerro Gordo,0.7891131975143688
2015,051,Davis,0.7777566491124386
2015,179,Wapello,0.7783810702880777
2015,041,Clay,0.8050229284837936
2015,059,Dickinson,0.7780556083874552
2015,021,Buena Vista,0.7922438953794941
2015,013,Black Hawk,0.7892391311155903
2015,075,Grundy,0.8198920695969414
2015,017,Bremer,0.8163851863473052
2015,085,Harrison,0.7917890306305121
2015,129,Mills,0.787532704320156
2015,155,Pottawattamie,0.7888542067359529
2015,123,Mahaska,0.8136160082032411
2015,125,Marion,0.750170131107444
2015,053,Decatur,0.8007531382660642
2015,031,Cedar,0.8039736298075155
2015,151,Pocahontas,0.7989089794612304
2015,109,Kossuth,0.820128705450549
2015,089,Howard,0.8137341804956147
2015,147,Palo Alto,0.8063975894814918
2015,159,Ringgold,0.774990113940917
2015,025,Calhoun,0.7944523413666957
2015,039,Clarke,0.7857205773947273
2015,065,Fayette,0.8101842771007051
2015,001,Adair,0.780264632465872
2015,037,Chickasaw,0.8106295605375031
2015,081,Hancock,0.8181124479399997
2015,157,Poweshiek,0.8182570346299818
2015,165,Shelby,0.805777833347328
2015,185,Wayne,0.7756729543110445
2015,097,Jackson,0.8057084409263628
2015,043,Clayton,0.8125791706717805
2015,007,Appanoose,0.7587243978274412
2015,177,Van Buren,0.7856795933113133
2015,197,Wright,0.8131459009103184
2015,137,Montgomery,0.7781304516815718
2015,175,Union,0.7751121910282253
2015,107,Keokuk,0.8112672135462115
2015,131,Mitchell,0.8169110906403219
2015,191,Winneshiek,0.8035608085699157
2015,161,Sac,0.8030835336248795
2015,055,Delaware,0.8161225273187087
2015,067,Floyd,0.7945503943664818
2015,009,Audubon,0.7931015144665899
2015,079,Hamilton,0.823130397120015
2015,069,Franklin,0.8079887760021843
2015,141,O'Brien,0.8172254846489115
2015,167,Sioux,0.8154757640323717
2015,005,Allamakee,0.804292041881527
2015,189,Winnebago,0.8216314044443607
2015,093,Ida,0.8077394121062573
2015,029,Cass,0.7840370377715616
2015,083,Hardin,0.8235876032370476
2015,173,Taylor,0.7554347373866546
2015,145,Page,0.7642601043189373
2015,035,Cherokee,0.8108889478840394
2015,071,Fremont,0.7733293310927221
2015,095,Iowa,0.8053205643895943
2015,023,Butler,0.8149572088220884
2015,063,Emmet,0.8075478912039091
2015,047,Crawford,0.8083770700644959
2015,019,Buchanan,0.8038354531836971
2015,143,Osceola,0.8156518353160678
2015,073,Greene,0.7968665853233107
2015,087,Henry,0.7986186544016535
2015,119,Lyon,0.8132050372843461
2015,003,Adams,0.7631679628181643
2015,133,Monona,0.8030721761197727
2015,091,Humboldt,0.8099566870152194
2015,115,Louisa,0.7914151797779224
2015,171,Tama,0.8178241002263319
2015,135,Monroe,0.7932967689617548
2015,117,Lucas,0.7907044254635369
2015,057,Des Moines,0.7779039861829752
2015,011,Benton,0.8098949482998
2015,113,Linn,0.7790448266153783
2015,105,Jones,0.8038775543593782
2015,103,Johnson,0.7824337355788528
2015,183,Washington,0.8029986596462959
2015,045,Clinton,0.7862345639959782
2015,163,Scott,0.7707401762158856
2015,139,Muscatine,0.783083546843917
2015,169,Story,0.805629686728342
2015,015,Boone,0.8138841122365632
2015,121,Madison,0.7861054491246315
2015,181,Warren,0.7900782405950675
2015,049,Dallas,0.787284484397126
2015,153,Polk,0.7299515161257804
2015,077,Guthrie,0.7865176363346599
2015,099,Jasper,0.8232812374937205
2016,149,Plymouth,0.7879924580284877
2016,193,Woodbury,0.7688823465424125
2016,027,Carroll,0.8169430913083173
2016,061,Dubuque,0.8097924823484892
2016,101,Jefferson,0.7998162288743839
2016,187,Webster,0.8117668686679133
2016,111,Lee,0.7831161106349043
2016,127,Marshall,0.837477121564954
2016,195,Worth,0.8182629360991628
2016,033,Cerro Gordo,0.8122796366207353
2016,051,Davis,0.8005535666089137
2016,179,Wapello,0.8055471068436204
2016,041,Clay,0.7854994068337402
2016,059,Dickinson,0.7425680426779565
2016,021,Buena Vista,0.803988926470535
2016,013,Black Hawk,0.8000234112834016
2016,075,Grundy,0.8270896705257041
2016,017,Bremer,0.827713292030896
2016,085,Harrison,0.8012329958019094
2016,129,Mills,0.7991620949147363
2016,155,Pottawattamie,0.7996441793622451
2016,123,Mahaska,0.816618116718734
2016,125,Marion,0.773948346326577
2016,053,Decatur,0.8022142418217041
2016,031,Cedar,0.825370666869557
2016,151,Pocahontas,0.8193937557984168
2016,109,Kossuth,0.8136517582533467
2016,089,Howard,0.8251765472667398
2016,147,Palo Alto,0.8037898130956234
2016,159,Ringgold,0.7879318508180798
2016,025,Calhoun,0.8234960114303229
2016,039,Clarke,0.7959008772103707
2016,065,Fayette,0.8235579473462806
2016,001,Adair,0.8002982643606157
2016,037,Chickasaw,0.8256472404623173
2016,081,Hancock,0.8339628657824152
2016,157,Poweshiek,0.8251451806060263
2016,165,Shelby,0.8137328089840932
2016,185,Wayne,0.7960075805048415
2016,097,Jackson,0.8241063712783998
2016,043,Clayton,0.825124514897976
2016,007,Appanoose,0.7750983738785991
2016,177,Van Buren,0.8052646643325895
2016,197,Wright,0.8256897794674818
2016,137,Montgomery,0.8024037086422948
2016,175,Union,0.7957890438649756
2016,107,Keokuk,0.8146159985403328
2016,131,Mitchell,0.8345624599065706
2016,191,Winneshiek,0.8175328323704686
2016,161,Sac,0.8191103898422516
2016,055,Delaware,0.8394193396155382
2016,067,Floyd,0.8249286371985464
2016,009,Audubon,0.802791451832429
2016,079,Hamilton,0.8125013834145518
2016,069,Franklin,0.8382871295707709
2016,141,O'Brien,0.802953644336731
2016,167,Sioux,0.7980483653126269
2016,005,Allamakee,0.8162533487348221
2016,189,Winnebago,0.8112089936547716
2016,093,Ida,0.8088802911826742
2016,029,Cass,0.8110074248733559
2016,083,Hardin,0.82348197354399
2016,173,Taylor,0.7846372656455527
2016,145,Page,0.7933745921664999
2016,035,Cherokee,0.8005508709115314
2016,071,Fremont,0.7914821612764775
2016,095,Iowa,0.8153899022078498
2016,023,Butler,0.8353437135566527
2016,063,Emmet,0.7882326312953358
2016,047,Crawford,0.8038782500462976
2016,019,Buchanan,0.8324669532478104
2016,143,Osceola,0.7840407268121435
2016,073,Greene,0.8324328754365836
2016,087,Henry,0.8088059964085875
2016,119,Lyon,0.7981522557956133
2016,003,Adams,0.8035456092902096
2016,133,Monona,0.7801085134338912
2016,091,Humboldt,0.8287462263907991
2016,115,Louisa,0.8021287951856246
2016,171,Tama,0.8292495264175133
2016,135,Monroe,0.8064762597157162
2016,117,Lucas,0.8063803621478077
2016,057,Des Moines,0.7908249855114782
2016,011,Benton,0.837991944676617
2016,113,Linn,0.808334342771047
2016,105,Jones,0.8385932117862739
2016,103,Johnson,0.794286313163742
2016,183,Washington,0.8022145027496709
2016,045,Clinton,0.828994398176836
2016,163,Scott,0.7891423302727555
2016,139,Muscatine,0.7951542477901941
2016,169,Story,0.8227374168208769
2016,015,Boone,0.830440753348999
2016,121,Madison,0.8035392458879453
2016,181,Warren,0.8034279604890705
2016,049,Dallas,0.8058491494626784
2016,153,Polk,0.7442464705169055
2016,077,Guthrie,0.8023069065735972
2016,099,Jasper,0.8369199691208876
2017,149,Plymouth,0.7783793008443951
2017,193,Woodbury,0.7497834918192539
2017,027,Carroll,0.7788239617096432
2017,061,Dubuque,0.7947592160456298
2017,101,Jefferson,0.747302578539937
2017,187,Webster,0.7698692510976197
2017,111,Lee,0.7611712990960013
2017,127,Marshall,0.7813642014567699
2017,195,Worth,0.7819664426195596
2017,033,Cerro Gordo,0.7606614128509285
2017,051,Davis,0.7161168544375481
2017,179,Wapello,0.7401216989618097
2017,041,Clay,0.776478537281391
2017,059,Dickinson,0.7464745029965537
2017,021,Buena Vista,0.7662835328456792
2017,013,Black Hawk,0.7657775932818571
2017,075,Grundy,0.8043260839044886
2017,017,Bremer,0.7925448124540565
2017,085,Harrison,0.7790818671604978
2017,129,Mills,0.7945392688068479
2017,155,Pottawattamie,0.7713913285092798
2017,123,Mahaska,0.7615063327688674
2017,125,Marion,0.7290121060507675
2017,053,Decatur,0.7444510010617754
2017,031,Cedar,0.8027444804043563
2017,151,Pocahontas,0.7722792825341037
2017,109,Kossuth,0.7942850930810527
2017,089,Howard,0.7905246822294385
2017,147,Palo Alto,0.7871907887730484
2017,159,Ringgold,0.7618329677296029
2017,025,Calhoun,0.7692716490970234
2017,039,Clarke,0.7112521578051365
2017,065,Fayette,0.7895797993074561
2017,001,Adair,0.7609122697340227
2017,037,Chickasaw,0.7825490749006685
2017,081,Hancock,0.7830525482009629
2017,157,Poweshiek,0.800152643462595
2017,165,Shelby,0.7916122918490714
2017,185,Wayne,0.7376231888900182
2017,097,Jackson,0.7892323258185311
2017,043,Clayton,0.8040586191378121
2017,007,Appanoose,0.7423297192398439
2017,177,Van Buren,0.7431104638633276
2017,197,Wright,0.7841763905862968
2017,137,Montgomery,0.7970791273858194
2017,175,Union,0.7232559300178976
2017,107,Keokuk,0.777323829662913
2017,131,Mitchell,0.7863512651684638
2017,191,Winneshiek,0.7934570700576904
2017,161,Sac,0.7672606966644371
2017,055,Delaware,0.8210350406359065
2017,067,Floyd,0.780508375683056
2017,009,Audubon,0.7804444790453436
2017,079,Hamilton,0.778411748401686
2017,069,Franklin,0.7936253272722995
2017,141,O'Brien,0.7967720787913642
2017,167,Sioux,0.8037637714825322
2017,005,Allamakee,0.7861278800608696
2017,189,Winnebago,0.7922904997511169
2017,093,Ida,0.7826657180581369
2017,029,Cass,0.7747607151832777
2017,083,Hardin,0.7951463488823587
2017,173,Taylor,0.7891567961066144
2017,145,Page,0.8009685320535952
2017,035,Cherokee,0.7720181633639738
2017,071,Fremont,0.8064601450596418
2017,095,Iowa,0.7955775589313652
2017,023,Butler,0.7869651109499318
2017,063,Emmet,0.7913368219797869
2017,047,Crawford,0.7894386378817017
2017,019,Buchanan,0.8067908662683564
2017,143,Osceola,0.7876211906814236
2017,073,Greene,0.7769298041272387
2017,087,Henry,0.7707005853411679
2017,119,Lyon,0.8000553523890301
2017,003,Adams,0.7727594449849722
2017,133,Monona,0.7831081113750958
2017,091,Humboldt,0.7772881329822778
2017,115,Louisa,0.7931014256695497
2017,171,Tama,0.7846962562769042
2017,135,Monroe,0.7608790444636707
2017,117,Lucas,0.7373670465638913
2017,057,Des Moines,0.7793493043300777
2017,011,Benton,0.7945112564300603
2017,113,Linn,0.7790179257311365
2017,105,Jones,0.8104844755233588
2017,103,Johnson,0.7804407617597342
2017,183,Washington,0.793057601009936
2017,045,Clinton,0.7814540743705373
2017,163,Scott,0.7603417856324373
2017,139,Muscatine,0.786729370973261
2017,169,Story,0.7654299571618557
2017,015,Boone,0.7789411725034736
2017,121,Madison,0.7470677155494275
2017,181,Warren,0.7425666295262817
2017,049,Dallas,0.7618004129901116
2017,153,Polk,0.6971133769584286
2017,077,Guthrie,0.7757058148087206
2017,099,Jasper,0.780430034649312
2018,149,Plymouth,0.8051745102649236
2018,193,Woodbury,0.7794137288085905
2018,027,Carroll,0.8055445570850723
2018,061,Dubuque,0.7799243417801771
2018,101,Jefferson,0.7794743310867491
2018,187,Webster,0.7919052392119981
2018,111,Lee,0.7601788606773113
2018,127,Marshall,0.8005551901094796
2018,195,Worth,0.7909532335322077
2018,033,Cerro Gordo,0.7647363818744947
2018,051,Davis,0.7483193480078087
2018,179,Wapello,0.7675978997786553
2018,041,Clay,0.7734180719302538
2018,059,Dickinson,0.7383737563750566
2018,021,Buena Vista,0.7963273211552545
2018,013,Black Hawk,0.7858462121788123
2018,075,Grundy,0.818390495441675
2018,017,Bremer,0.8091769990478761
2018,085,Harrison,0.7834944204545407
2018,129,Mills,0.7849153282101677
2018,155,Pottawattamie,0.7844488530438839
2018,123,Mahaska,0.7750980935505349
2018,125,Marion,0.7332321102238688
2018,053,Decatur,0.785028758497478
2018,031,Cedar,0.7928835143032189
2018,151,Pocahontas,0.7791507392388735
2018,109,Kossuth,0.783386815629847
2018,089,Howard,0.7860331144346738
2018,147,Palo Alto,0.7591451610973058
2018,159,Ringgold,0.7690880100566375
2018,025,Calhoun,0.807127584932925
2018,039,Clarke,0.7785116865805037
2018,065,Fayette,0.7973425784432915
2018,001,Adair,0.7654776674851431
2018,037,Chickasaw,0.7928875093186024
2018,081,Hancock,0.784896526770316
2018,157,Poweshiek,0.7878824736651969
2018,165,Shelby,0.7975485566601007
2018,185,Wayne,0.7650991238349505
2018,097,Jackson,0.7931960061030914
2018,043,Clayton,0.8024461020523957
2018,007,Appanoose,0.7348992475790302
2018,177,Van Buren,0.7807305632132475
2018,197,Wright,0.7820149134939408
2018,137,Montgomery,0.7935599412687067
2018,175,Union,0.7796749063560293
2018,107,Keokuk,0.7899763624288075
2018,131,Mitchell,0.7952176670975536
2018,191,Winneshiek,0.7921995205279562
2018,161,Sac,0.8204240019888861
2018,055,Delaware,0.7997080198145924
2018,067,Floyd,0.7804664282251194
2018,009,Audubon,0.7907623849306109
2018,079,Hamilton,0.7935499478585167
2018,069,Franklin,0.8020199219472175
2018,141,O'Brien,0.7865942203748454
2018,167,Sioux,0.7969403461938399
2018,005,Allamakee,0.7963041781073363
2018,189,Winnebago,0.7826863270308908
2018,093,Ida,0.8179882512825983
2018,029,Cass,0.7827966355664612
2018,083,Hardin,0.8154449190690505
2018,173,Taylor,0.7818736920380651
2018,145,Page,0.7963866791106787
2018,035,Cherokee,0.8148483343293808
2018,071,Fremont,0.7921063002148824
2018,095,Iowa,0.7987667348929985
2018,023,Butler,0.8083774432011918
2018,063,Emmet,0.7534678911526608
2018,047,Crawford,0.812080568461493
2018,019,Buchanan,0.8000242698237047
2018,143,Osceola,0.7720687500606058
2018,073,Greene,0.7924343237351059
2018,087,Henry,0.769594215524025
2018,119,Lyon,0.7944915504267734
2018,003,Adams,0.7875121033836069
2018,133,Monona,0.7857540319091416
2018,091,Humboldt,0.7885029365525394
2018,115,Louisa,0.7564914860729011
2018,171,Tama,0.8112650452008456
2018,135,Monroe,0.7679765161458473
2018,117,Lucas,0.7745986988455978
2018,057,Des Moines,0.7554754050280719
2018,011,Benton,0.8022652333595991
2018,113,Linn,0.7706959442202199
2018,105,Jones,0.7961929051059119
2018,103,Johnson,0.7685110086777243
2018,183,Washington,0.7780073481187565
2018,045,Clinton,0.7789075454540373
2018,163,Scott,0.7476184874964511
2018,139,Muscatine,0.7617480406577206
2018,169,Story,0.7688897551228482
2018,015,Boone,0.7771329378068457
2018,121,Madison,0.7725000354975541
2018,181,Warren,0.7669449499602687
2018,049,Dallas,0.7521604352627935
2018,153,Polk,0.6931400096334486
2018,077,Guthrie,0.7821390725412679
2018,099,Jasper,0.7880111487618131
2019,149,Plymouth,0.7912186954688059
2019,193,Woodbury,0.772182426633526
2019,027,Carroll,0.8221330440214598
2019,061,Dubuque,0.7621232909680115
2019,101,Jefferson,0.759151839943665
2019,187,Webster,0.7943443898901805
2019,111,Lee,0.7290031431012854
2019,127,Marshall,0.7817025730350978
2019,195,Worth,0.7763227690026502
2019,033,Cerro Gordo,0.7797936319046603
2019,051,Davis,0.7607961650533829
2019,179,Wapello,0.7682127664067336
2019,041,Clay,0.7708739232973306
2019,059,Dickinson,0.7368944409503445
2019,021,Buena Vista,0.7794029173556418
2019,013,Black Hawk,0.7545317812099592
2019,075,Grundy,0.7851451998098271
2019,017,Bremer,0.7949507201119875
2019,085,Harrison,0.789628822934508
2019,129,Mills,0.77970893146536
2019,155,Pottawattamie,0.7761166244504155
2019,123,Mahaska,0.773037452523603
2019,125,Marion,0.7397708225858257
2019,053,Decatur,0.7689333365915265
2019,031,Cedar,0.7359770036799929
2019,151,Pocahontas,0.7836002642432887
2019,109,Kossuth,0.8010525171696585
2019,089,Howard,0.7727194068169896
2019,147,Palo Alto,0.7891421557455612
2019,159,Ringgold,0.7607262835181233
2019,025,Calhoun,0.7931090293375826
2019,039,Clarke,0.7641701027124547
2019,065,Fayette,0.7970180559742246
2019,001,Adair,0.7565664764819522
2019,037,Chickasaw,0.7823728581913819
2019,081,Hancock,0.8020313628305016
2019,157,Poweshiek,0.7614826115216736
2019,165,Shelby,0.8335318981488258
2019,185,Wayne,0.7520498193550406
2019,097,Jackson,0.7544039226294504
2019,043,Clayton,0.7864522281433431
2019,007,Appanoose,0.7512273845228234
2019,177,Van Buren,0.7629908310710639
2019,197,Wright,0.793017528523711
2019,137,Montgomery,0.8009101267296244
2019,175,Union,0.7543072553332834
2019,107,Keokuk,0.7659396499871303
2019,131,Mitchell,0.7789670388245805
2019,191,Winneshiek,0.7938157692779128
2019,161,Sac,0.8107608263187279
2019,055,Delaware,0.7828602196280952
2019,067,Floyd,0.7736777789082714
2019,009,Audubon,0.8144221674957949
2019,079,Hamilton,0.7825876531305658
2019,069,Franklin,0.7881504738963345
2019,141,O'Brien,0.7789614481251357
2019,167,Sioux,0.7895924277028256
2019,005,Allamakee,0.7830111164438914
2019,189,Winnebago,0.7977960940388419
2019,093,Ida,0.8075309474144904
2019,029,Cass,0.7991504216879329
2019,083,Hardin,0.7831051016885562
2019,173,Taylor,0.7641330843261869
2019,145,Page,0.7816380579615873
2019,035,Cherokee,0.8003068766987477
2019,071,Fremont,0.736957424777094
2019,095,Iowa,0.747912353508828
2019,023,Butler,0.7869736640390551
2019,063,Emmet,0.7774955341267517
2019,047,Crawford,0.8234249205130364
2019,019,Buchanan,0.7885960603684955
2019,143,Osceola,0.7608604175837466
2019,073,Greene,0.8115083771379309
2019,087,Henry,0.7471773192167004
2019,119,Lyon,0.7570985800596729
2019,003,Adams,0.7620529388127256
2019,133,Monona,0.7934075833966822
2019,091,Humboldt,0.8020488915054063
2019,115,Louisa,0.7286222697562791
2019,171,Tama,0.7650740085560631
2019,135,Monroe,0.7891973304330907
2019,117,Lucas,0.7785041775092987
2019,057,Des Moines,0.7229993201166645
2019,011,Benton,0.7634507058601702
2019,113,Linn,0.7521723246127122
2019,105,Jones,0.7585005638479838
2019,103,Johnson,0.7163983505060089
2019,183,Washington,0.753033922270005
2019,045,Clinton,0.7296782310916033
2019,163,Scott,0.7040615693033873
2019,139,Muscatine,0.7187592913534778
2019,169,Story,0.7805419458573865
2019,015,Boone,0.8016061260357067
2019,121,Madison,0.7707844049788133
2019,181,Warren,0.7741586304590901
2019,049,Dallas,0.7831562531158851
2019,153,Polk,0.7061701106139873
2019,077,Guthrie,0.7902746336379327
2019,099,Jasper,0.7929779314844432
2020,149,Plymouth,0.7780869926660844
2020,193,Woodbury,0.7570052367990259
2020,027,Carroll,0.7527173857875806
2020,061,Dubuque,0.7660616081791223
2020,101,Jefferson,0.7817346070199439
2020,187,Webster,0.756744066656768
2020,111,Lee,0.7762166136392755
2020,127,Marshall,0.7560388426071873
2020,195,Worth,0.7875127985914155
2020,033,Cerro Gordo,0.780920024816983
2020,051,Davis,0.776908307864054
2020,179,Wapello,0.7836415211325577
2020,041,Clay,0.7564216367494784
2020,059,Dickinson,0.7345995756663526
2020,021,Buena Vista,0.762588297980044
2020,013,Black Hawk,0.740421882807536
2020,075,Grundy,0.7733004744651966
2020,017,Bremer,0.7643511858584732
2020,085,Harrison,0.7671296121359015
2020,129,Mills,0.7795072390094115
2020,155,Pottawattamie,0.7578719800162117
2020,123,Mahaska,0.7696715360530008
2020,125,Marion,0.7471482223986519
2020,053,Decatur,0.7730728338188261
2020,031,Cedar,0.7706605144339591
2020,151,Pocahontas,0.7873440928344201
2020,109,Kossuth,0.7973092418774514
2020,089,Howard,0.7640201372851074
2020,147,Palo Alto,0.7754535214708145
2020,159,Ringgold,0.753742074893881
2020,025,Calhoun,0.7650998516054288
2020,039,Clarke,0.7634541079364255
2020,065,Fayette,0.7678000943923794
2020,001,Adair,0.7323936666253356
2020,037,Chickasaw,0.7593930543634876
2020,081,Hancock,0.8069298781681434
2020,157,Poweshiek,0.7563850346789803
2020,165,Shelby,0.7663144368367314
2020,185,Wayne,0.7714274909799365
2020,097,Jackson,0.7796751514497101
2020,043,Clayton,0.7895834216467577
2020,007,Appanoose,0.7498545601189689
2020,177,Van Buren,0.7871677133223846
2020,197,Wright,0.7642510847615339
2020,137,Montgomery,0.7652459282977662
2020,175,Union,0.7579372847754948
2020,107,Keokuk,0.7744507630949425
2020,131,Mitchell,0.7707370943876616
2020,191,Winneshiek,0.7685005782413266
2020,161,Sac,0.7548805006944352
2020,055,Delaware,0.7752950969954028
2020,067,Floyd,0.7583807581063191
2020,009,Audubon,0.7492760825575097
2020,079,Hamilton,0.7656615210685037
2020,069,Franklin,0.7871467645949173
2020,141,O'Brien,0.7737184915599311
2020,167,Sioux,0.7764279352183279
2020,005,Allamakee,0.786575936918115
2020,189,Winnebago,0.813285920009349
2020,093,Ida,0.7562904593959443
2020,029,Cass,0.7482316664033687
2020,083,Hardin,0.7563656115420518
2020,173,Taylor,0.7710850613728609
2020,145,Page,0.7906786844121004
2020,035,Cherokee,0.7735942365896141
2020,071,Fremont,0.7917639330111063
2020,095,Iowa,0.7604756392151641
2020,023,Butler,0.7647645773028151
2020,063,Emmet,0.782083648666607
2020,047,Crawford,0.7700779684195499
2020,019,Buchanan,0.7703305665196949
2020,143,Osceola,0.7732779675650016
2020,073,Greene,0.7423024155752544
2020,087,Henry,0.7972992994924487
2020,119,Lyon,0.7924230952910086
2020,003,Adams,0.7521340285260693
2020,133,Monona,0.7784651697366811
2020,091,Humboldt,0.7897262241356311
2020,115,Louisa,0.7830387566793664
2020,171,Tama,0.7562360135461534
2020,135,Monroe,0.7998569577277422
2020,117,Lucas,0.7771361946092493
2020,057,Des Moines,0.7775074815050487
2020,011,Benton,0.7564741318273926
2020,113,Linn,0.7486095064383197
2020,105,Jones,0.764528949892471
2020,103,Johnson,0.7515432370979513
2020,183,Washington,0.7748749092492673
2020,045,Clinton,0.7679271218257694
2020,163,Scott,0.7407244723182854
2020,139,Muscatine,0.7698349724039493
2020,169,Story,0.7482712984959428
2020,015,Boone,0.7692138377673664
2020,121,Madison,0.7607215343231497
2020,181,Warren,0.7671667893857639
2020,049,Dallas,0.7144478307847348
2020,153,Polk,0.6850316622309393
2020,077,Guthrie,0.712292730150441
2020,099,Jasper,0.7553433902663734
2021,149,Plymouth,0.7629654083954269
2021,193,Woodbury,0.7601422067300362
2021,027,Carroll,0.7956449352276098
2021,061,Dubuque,0.7917931091030347
2021,101,Jefferson,0.7783145597518688
2021,187,Webster,0.7914609510697722
2021,111,Lee,0.7714107191060132
2021,127,Marshall,0.7874377575238616
2021,195,Worth,0.793075241330732
2021,033,Cerro Gordo,0.7836846292136678
2021,051,Davis,0.7891159031038255
2021,179,Wapello,0.7879446055088875
2021,041,Clay,0.7739873029831812
2021,059,Dickinson,0.713887383579664
2021,021,Buena Vista,0.7867189091609482
2021,013,Black Hawk,0.7552691806841875
2021,075,Grundy,0.7968626476348188
2021,017,Bremer,0.7931686654630785
2021,085,Harrison,0.7943476256935935
2021,129,Mills,0.7811788425915814
2021,155,Pottawattamie,0.7858506646061342
2021,123,Mahaska,0.7985444970179564
2021,125,Marion,0.7683826261788479
2021,053,Decatur,0.7902561827516597
2021,031,Cedar,0.8031797026070879
2021,151,Pocahontas,0.7929993668706418
2021,109,Kossuth,0.7833636854487055
2021,089,Howard,0.800520941527797
2021,147,Palo Alto,0.7699040527701599
2021,159,Ringgold,0.7885632946353021
2021,025,Calhoun,0.7981172875426815
2021,039,Clarke,0.7823342007197683
2021,065,Fayette,0.8011041823610795
2021,001,Adair,0.7848481665395909
2021,037,Chickasaw,0.8010744485443886
2021,081,Hancock,0.8028757527458916
2021,157,Poweshiek,0.7879474048925867
2021,165,Shelby,0.8085484834168993
2021,185,Wayne,0.7775110903091601
2021,097,Jackson,0.8013460706464168
2021,043,Clayton,0.8082000197083893
2021,007,Appanoose,0.7780771577688702
2021,177,Van Buren,0.789291451518334
2021,197,Wright,0.7870473972377013
2021,137,Montgomery,0.7877848659457433
2021,175,Union,0.7896461382373938
2021,107,Keokuk,0.7925674970973688
2021,131,Mitchell,0.802957346801764
2021,191,Winneshiek,0.8070608512338945
2021,161,Sac,0.7936319675462752
2021,055,Delaware,0.8165977517515464
2021,067,Floyd,0.7909765471471815
2021,009,Audubon,0.8021360499425352
2021,079,Hamilton,0.7960999578989112
2021,069,Franklin,0.7939775298251199
2021,141,O'Brien,0.7893312330899178
2021,167,Sioux,0.7973665195524134
2021,005,Allamakee,0.8179017991113335
2021,189,Winnebago,0.7904349577569636
2021,093,Ida,0.7996040525655824
2021,029,Cass,0.7938521975107165
2021,083,Hardin,0.7907908048381423
2021,173,Taylor,0.7935772450559504
2021,145,Page,0.7936747150011656
2021,035,Cherokee,0.7871465524195127
2021,071,Fremont,0.8016924425616184
2021,095,Iowa,0.7943466781015699
2021,023,Butler,0.789389902581426
2021,063,Emmet,0.7513969403216559
2021,047,Crawford,0.7888687662352841
2021,019,Buchanan,0.8040223570665113
2021,143,Osceola,0.7802167150507553
2021,073,Greene,0.8027320761104509
2021,087,Henry,0.7758470748090697
2021,119,Lyon,0.7903484542369333
2021,003,Adams,0.784220118992254
2021,133,Monona,0.788053101058256
2021,091,Humboldt,0.7849985128753489
2021,115,Louisa,0.790558579534897
2021,171,Tama,0.7949973075403853
2021,135,Monroe,0.8005704374378235
2021,117,Lucas,0.7895766887115322
2021,057,Des Moines,0.7669069711428647
2021,011,Benton,0.7963885575547639
2021,113,Linn,0.7620276727591443
2021,105,Jones,0.8013282508881967
2021,103,Johnson,0.7790292328715602
2021,183,Washington,0.7982904090175054
2021,045,Clinton,0.7933642015440163
2021,163,Scott,0.7709085497574837
2021,139,Muscatine,0.7914726623859828
2021,169,Story,0.7809712822916043
2021,015,Boone,0.7944946011337116
2021,121,Madison,0.7809483762964443
2021,181,Warren,0.7808042281567549
2021,049,Dallas,0.7754042825339504
2021,153,Polk,0.7024238980023993
2021,077,Guthrie,0.7941359867100692
2021,099,Jasper,0.7940233903415241
2022,149,Plymouth,0.7766270143723848
2022,193,Woodbury,0.7653345165864073
2022,027,Carroll,0.8004849737026305
2022,061,Dubuque,0.7870072809358575
2022,101,Jefferson,0.7789977993537985
2022,187,Webster,0.7888947815628368
2022,111,Lee,0.762300468662483
2022,127,Marshall,0.7861067968288785
2022,195,Worth,0.8006081793146665
2022,033,Cerro Gordo,0.772543879597993
2022,051,Davis,0.770269353029791
2022,179,Wapello,0.7795470689159029
2022,041,Clay,0.7756528006373125
2022,059,Dickinson,0.7407968892723976
2022,021,Buena Vista,0.7800395007421164
2022,013,Black Hawk,0.7629250539069766
2022,075,Grundy,0.7797818365801059
2022,017,Bremer,0.7905622309681614
2022,085,Harrison,0.7611503182593014
2022,129,Mills,0.7749775040541479
2022,155,Pottawattamie,0.7638327505655774
2022,123,Mahaska,0.7866767276034308
2022,125,Marion,0.7332716695787151
2022,053,Decatur,0.755856132562966
2022,031,Cedar,0.8216403535391117
2022,151,Pocahontas,0.8050626503388216
2022,109,Kossuth,0.8089638295937949
2022,089,Howard,0.7746435921215187
2022,147,Palo Alto,0.7987014459818979
2022,159,Ringgold,0.7538108258053424
2022,025,Calhoun,0.8006114798870061
2022,039,Clarke,0.7267801937044611
2022,065,Fayette,0.7853707418953033
2022,001,Adair,0.7242804724866098
2022,037,Chickasaw,0.775866255028761
2022,081,Hancock,0.7920344106483723
2022,157,Poweshiek,0.7841822609585869
2022,165,Shelby,0.7960052572692492
2022,185,Wayne,0.7702357526477762
2022,097,Jackson,0.804659837393576
2022,043,Clayton,0.8026681089271683
2022,007,Appanoose,0.7507985726100238
2022,177,Van Buren,0.7859218637402277
2022,197,Wright,0.7841572244007604
2022,137,Montgomery,0.7736598597885067
2022,175,Union,0.7313790311325025
2022,107,Keokuk,0.7889706368540946
2022,131,Mitchell,0.7841967804123062
2022,191,Winneshiek,0.7840539440304102
2022,161,Sac,0.7999038093301993
2022,055,Delaware,0.807186386963816
2022,067,Floyd,0.7734809893513357
2022,009,Audubon,0.7794373628060673
2022,079,Hamilton,0.7836594178396281
2022,069,Franklin,0.7828708845883354
2022,141,O'Brien,0.7900656590696237
2022,167,Sioux,0.790761554757323
2022,005,Allamakee,0.8029347771411445
2022,189,Winnebago,0.8031850737766228
2022,093,Ida,0.7951094295648674
2022,029,Cass,0.7511216849427632
2022,083,Hardin,0.7858361504092153
2022,173,Taylor,0.7689945177583695
2022,145,Page,0.7678889966415906
2022,035,Cherokee,0.7729475698551163
2022,071,Fremont,0.7916553697315442
2022,095,Iowa,0.8009253745846585
2022,023,Butler,0.7855742068560998
2022,063,Emmet,0.8006383852889735
2022,047,Crawford,0.7887782277913242
2022,019,Buchanan,0.7911323573262066
2022,143,Osceola,0.79274989300008
2022,073,Greene,0.7912576490002895
2022,087,Henry,0.7922592378513247
2022,119,Lyon,0.7880674200354706
2022,003,Adams,0.7406598019617144
2022,133,Monona,0.7727334311307346
2022,091,Humboldt,0.7993378590905377
2022,115,Louisa,0.7999382525144046
2022,171,Tama,0.7917436515764934
2022,135,Monroe,0.7678608327217978
2022,117,Lucas,0.7606039815017356
2022,057,Des Moines,0.7902915897770872
2022,011,Benton,0.804105623526263
2022,113,Linn,0.7674173214471615
2022,105,Jones,0.8032549294766624
2022,103,Johnson,0.7857755412792893
2022,183,Washington,0.7931104791785291
2022,045,Clinton,0.8068028603581409
2022,163,Scott,0.7804526266691664
2022,139,Muscatine,0.8079167457320519
2022,169,Story,0.7753992687416645
2022,015,Boone,0.7858063393529696
2022,121,Madison,0.7603254200841764
2022,181,Warren,0.7521327017672287
2022,049,Dallas,0.7531235126285645
2022,153,Polk,0.6875482536454762
2022,077,Guthrie,0.7665740575929865
2022,099,Jasper,0.776097199492575
2023,149,Plymouth,0.7904072243170606
2023,193,Woodbury,0.7449587333498494
2023,027,Carroll,0.7978939327353404
2023,061,Dubuque,0.7696920619865737
2023,101,Jefferson,0.7827890191183947
2023,187,Webster,0.8153079612630979
2023,111,Lee,0.7821460013650153
2023,127,Marshall,0.8138032984070159
2023,195,Worth,0.7817135947791249
2023,033,Cerro Gordo,0.793355469262181
2023,051,Davis,0.7538724517176132
2023,179,Wapello,0.7730939108434934
2023,041,Clay,0.7958708273049874
2023,059,Dickinson,0.7494151647144317
2023,021,Buena Vista,0.788157543457237
2023,013,Black Hawk,0.7382622623958438
2023,075,Grundy,0.8135285262556637
2023,017,Bremer,0.7895642915765644
2023,085,Harrison,0.7850928953999748
2023,129,Mills,0.8146521049020707
2023,155,Pottawattamie,0.7965413222953929
2023,123,Mahaska,0.8114032807592744
2023,125,Marion,0.7726158090273858
2023,053,Decatur,0.7947911372774975
2023,031,Cedar,0.7986616755513302
2023,151,Pocahontas,0.8185438733917347
2023,109,Kossuth,0.8186863419288637
2023,089,Howard,0.7935937906010623
2023,147,Palo Alto,0.8049040534111739
2023,159,Ringgold,0.7991436929224711
2023,025,Calhoun,0.8126865139292834
2023,039,Clarke,0.7911913274242086
2023,065,Fayette,0.7872101947497038
2023,001,Adair,0.7864913957031482
2023,037,Chickasaw,0.7825571422496156
2023,081,Hancock,0.8193922523873091
2023,157,Poweshiek,0.8091585434725747
2023,165,Shelby,0.8015791456735724
2023,185,Wayne,0.7982919850841045
2023,097,Jackson,0.7667887820221357
2023,043,Clayton,0.792344734550804
2023,007,Appanoose,0.7645501317969261
2023,177,Van Buren,0.7777672230165869
2023,197,Wright,0.812162534604547
2023,137,Montgomery,0.8091562798985201
2023,175,Union,0.8009993603610487
2023,107,Keokuk,0.8112654838739823
2023,131,Mitchell,0.7763929780347576
2023,191,Winneshiek,0.7896449902100494
2023,161,Sac,0.7951296548814493
2023,055,Delaware,0.7909552510863134
2023,067,Floyd,0.7851238650543808
2023,009,Audubon,0.7921936819087605
2023,079,Hamilton,0.8247077940363433
2023,069,Franklin,0.822554105703518
2023,141,O'Brien,0.8174296231712105
2023,167,Sioux,0.8026054435943474
2023,005,Allamakee,0.7903729932379144
2023,189,Winnebago,0.8224140236409203
2023,093,Ida,0.7817950976956337
2023,029,Cass,0.8058275260063135
2023,083,Hardin,0.8204229945058908
2023,173,Taylor,0.8083826574389031
2023,145,Page,0.8245291885443335
2023,035,Cherokee,0.7990388920900028
2023,071,Fremont,0.8343608697386159
2023,095,Iowa,0.786154620617138
2023,023,Butler,0.7871788063474717
2023,063,Emmet,0.7996529021104943
2023,047,Crawford,0.7758610643970582
2023,019,Buchanan,0.7779922445359847
2023,143,Osceola,0.7978863674748906
2023,073,Greene,0.8193786568804655
2023,087,Henry,0.784024787662775
2023,119,Lyon,0.7944122907948953
2023,003,Adams,0.803097267080714
2023,133,Monona,0.7810667010270981
2023,091,Humboldt,0.801861711684219
2023,115,Louisa,0.7868891088154377
2023,171,Tama,0.7878851557297757
2023,135,Monroe,0.7792943799964117
2023,117,Lucas,0.7829342755587885
2023,057,Des Moines,0.7838599365854203
2023,011,Benton,0.7764315482539197
2023,113,Linn,0.7216930508431647
2023,105,Jones,0.7714471151873741
2023,103,Johnson,0.7557209178193616
2023,183,Washington,0.7874935428546777
2023,045,Clinton,0.7708418033704297
2023,163,Scott,0.7500300134338523
2023,139,Muscatine,0.7786394070040129
2023,169,Story,0.8082747993108521
2023,015,Boone,0.831122697845486
2023,121,Madison,0.7877559160845736
2023,181,Warren,0.7886264543314012
2023,049,Dallas,0.780216797852042
2023,153,Polk,0.7050134621295117
2023,077,Guthrie,0.7817177285111451
2023,099,Jasper,0.8242362244686725
