state_fips,county_fips,county_name,elevation_m,slope_deg
17,121,Marion,163.16704775264864,2.3810851094059444
17,005,Bond,164.03335020544318,2.228290119573177
17,083,Jersey,178.28405429267303,4.378062211313636
17,163,St. Clair,144.39754025597222,3.0206741197774707
17,027,Clinton,138.42610169639795,1.8582164511982109
17,013,Calhoun,172.36892337344216,5.821285138889431
17,119,Madison,157.75520763491178,2.9262695863991643
17,133,Monroe,157.60982474654,3.6182808363874446
17,117,Macoupin,191.38628274982727,2.4485742784761726
17,171,Scott,165.0045480823483,2.5348106582096923
17,137,Morgan,188.4374993857968,2.1761208183077856
17,107,Logan,182.0259924513492,2.078336430296787
17,129,Menard,175.30282296650827,2.1437827688249325
17,167,Sangamon,182.36885178332818,2.2489072896013265
17,021,Christian,187.99371257041165,1.9560534234496094
17,127,Massac,119.76778110251996,3.3816112573794426
17,057,Fulton,184.64898650551797,3.158873774926853
17,175,Stark,220.5115635242816,2.2002714366860365
17,203,Woodford,217.11913881930172,2.0995690621355325
17,179,Tazewell,188.8064887949077,2.213369980951493
17,123,Marshall,202.40966661433617,2.429652112179102
17,143,Peoria,200.14993241567802,2.9370264586441746
17,001,Adams,201.1288649904863,3.109852193771446
17,177,Stephenson,264.95391271379395,2.839714378445
17,141,Ogle,248.5357397621852,2.6932497647537765
17,201,Winnebago,245.10928750366708,2.5697248088017473
17,007,Boone,263.4716522091644,2.2826164942195257
17,025,Clay,148.33027762481083,2.7054810378267145
17,185,Wabash,130.4587666004258,2.496657643143646
17,009,Brown,193.2793790366868,3.522638508915776
17,151,Pope,159.39161388851832,5.113788571676683
17,033,Crawford,154.06024371661528,2.4931408129980577
17,135,Montgomery,194.24862952314953,2.1899302378961334
17,055,Franklin,132.81506858699132,2.7597841603016153
17,023,Clark,179.88702861153155,2.5737274677988977
17,059,Gallatin,118.52872375267182,2.7658774442371747
17,075,Iroquois,203.4780698799007,1.746051631975748
17,041,Douglas,201.0879701557252,1.4193304712999275
17,189,Washington,148.17314967964143,2.1442075909962672
17,159,Richland,144.96126373420537,2.6910789223619385
17,065,Hamilton,132.82515604012127,2.5381093361456095
17,193,White,121.91253312531431,2.540736348228239
17,169,Schuyler,180.05381347647167,3.29518093357012
17,181,Union,155.82474159081622,5.882266002719432
17,085,Jo Daviess,256.79087372426847,5.056325087536416
17,125,Mason,153.63047987769565,1.9862301240204627
17,191,Wayne,132.24139938674327,2.5451348621263756
17,069,Hardin,148.9146707361112,5.341935197850622
17,061,Greene,166.36029551484782,2.7025838298204765
17,157,Randolph,142.83592227118376,3.267355110526534
17,149,Pike,185.34320584828998,3.510343422029621
17,145,Perry,141.47134624346512,3.5888326758499463
17,087,Johnson,155.63683661507153,5.03438572996981
17,173,Shelby,194.83734523878104,2.164587378931289
17,051,Fayette,169.69591106500917,2.3252308206300114
17,139,Moultrie,202.91320769963903,1.7619082554623728
17,017,Cass,165.3193426788665,2.395750374266014
17,015,Carroll,234.94622639481204,3.2520794013763257
17,047,Edwards,133.69846831774137,2.784534980942313
17,079,Jasper,161.093934586909,2.761123367916903
17,187,Warren,217.71367727311574,2.479064220304356
17,153,Pulaski,111.59654215745785,3.7141551754371465
17,165,Saline,127.46582083568538,3.0364979446377207
17,101,Lawrence,138.44425072176304,2.7832198545717173
17,045,Edgar,203.16362319683046,1.8532129837186044
17,071,Henderson,195.68388101657507,2.628852179173131
17,199,Williamson,143.56010595544615,3.8044963974194634
17,077,Jackson,140.48721347567223,5.095365204983857
17,147,Piatt,211.96643799008407,1.6134955470270194
17,053,Ford,228.0522229255191,1.7692813410527701
17,019,Champaign,216.23882184131838,1.5825669050056859
17,029,Coles,207.90095028010177,1.8898364741906166
17,035,Cumberland,185.26432201015643,2.368472972833187
17,183,Vermilion,208.8598547756236,1.8997737055893813
17,115,Macon,203.46509461511707,2.0839389308501217
17,049,Effingham,176.76263086455862,2.3764729712584733
17,067,Hancock,195.442644742854,2.472719335651615
17,095,Knox,219.0774809950602,2.9110454172160067
17,109,McDonough,202.90433638220088,2.3868561404408237
17,081,Jefferson,149.5204880231739,2.733129858252375
17,113,McLean,234.16605580301797,1.819435339914106
17,039,De Witt,220.5954691238002,1.8797281312180476
17,105,Livingston,209.0325817551304,1.7515446079985737
17,003,Alexander,120.78805073165375,4.999810883137418
17,093,Kendall,199.8095304703968,1.8663715377550472
17,031,Cook,191.83691645553782,1.4479928707788634
17,037,DeKalb,252.94204200918867,1.8452151683740374
17,089,Kane,248.90948761209384,2.2967874862219455
17,063,Grundy,178.07650348169653,1.93923450064758
17,111,McHenry,266.56714345559817,2.5876714925180258
17,197,Will,202.73091974886557,2.16668818263183
17,043,DuPage,224.76198743543173,2.4721895779929257
17,097,Lake,193.06824638946523,0.9316231141838939
17,091,Kankakee,198.44025905412488,1.9843409740207405
17,011,Bureau,214.36924066955964,2.5593031123439345
17,155,Putnam,185.34807936234327,2.7418519103181795
17,099,LaSalle,200.499624037144,2.1953699306949646
17,131,Mercer,207.7849368535036,2.7259940071504185
17,161,Rock Island,203.91285878312743,2.987875409511919
17,073,Henry,216.72721712511202,2.5284797572616653
17,103,Lee,241.18967336052614,2.4278685287669393
17,195,Whiteside,200.4406505567252,2.332267505759232
19,149,Plymouth,400.72256097737454,3.330651518416979
19,193,Woodbury,371.8226862912036,4.007808596377959
19,027,Carroll,390.06698548746937,3.4405743015369072
19,061,Dubuque,294.9972220354764,4.84315973022877
19,101,Jefferson,223.61478324691493,2.8977986205155175
19,187,Webster,340.39166198446975,2.547920697083689
19,111,Lee,198.64163397510163,2.7182197209491528
19,127,Marshall,300.63500856990714,3.3496227153155185
19,195,Worth,371.34557827814535,2.1685003870062083
19,033,Cerro Gordo,356.05153802608527,2.200822813004073
19,051,Davis,252.09339305085706,3.9065490843440234
19,179,Wapello,233.70056694151816,3.5575206111151148
19,041,Clay,415.8764018411071,2.166635153947657
19,059,Dickinson,439.6875716631817,1.966754745255668
19,021,Buena Vista,408.1575434971824,2.9168875444962326
19,013,Black Hawk,280.45759089102836,3.069323440584586
19,075,Grundy,311.71927552083395,3.352000462804587
19,017,Bremer,308.9264346066819,2.8300305847926532
19,085,Harrison,351.6178112276473,4.749514075381106
19,129,Mills,330.42445936677086,3.835814170170858
19,155,Pottawattamie,356.61383085427894,4.255675490607159
19,123,Mahaska,241.49248399349065,3.468818786235652
19,125,Marion,252.49983207661847,4.725122532885804
19,053,Decatur,321.2774848024775,4.211058140138674
19,031,Cedar,237.83022736270726,2.919537946570162
19,151,Pocahontas,371.6541528157378,2.2573919976531998
19,109,Kossuth,355.2918130691284,2.078296478123958
19,089,Howard,380.9446205772275,2.4470877989322455
19,147,Palo Alto,382.1450382865646,1.984812855301021
19,159,Ringgold,351.73058190891857,4.077409533695023
19,025,Calhoun,357.7524288191729,2.8936069542217684
19,039,Clarke,332.86969222638663,4.373336119842019
19,065,Fayette,336.028330808375,3.3797414655740488
19,001,Adair,386.33475466077755,5.101554557956244
19,037,Chickasaw,344.68972888645646,2.490367348139912
19,081,Hancock,369.13470975673465,2.228127155873554
19,157,Poweshiek,277.3780409414561,3.578765427478392
19,165,Shelby,398.0515746902715,4.348007925500175
19,185,Wayne,319.01483380489753,4.085314008904089
19,097,Jackson,248.04450151010283,4.927993181866876
19,043,Clayton,299.91857423749997,5.627152185211856
19,007,Appanoose,290.29035616649855,4.193542517818184
19,177,Van Buren,217.27599989374065,3.139912831332267
19,197,Wright,354.76344841072574,2.011332872632165
19,137,Montgomery,350.30973895681905,4.501167812593198
19,175,Union,370.2082638278628,4.248528725581215
19,107,Keokuk,234.96540435212037,3.279768557795933
19,131,Mitchell,362.1705504600566,1.9056760655972707
19,191,Winneshiek,349.9797900436951,4.509472323735796
19,161,Sac,394.926047404659,2.924361931013677
19,055,Delaware,309.1323614284147,3.073134744966159
19,067,Floyd,325.66618654803773,2.2599540157017075
19,009,Audubon,414.47002746764065,4.244366083687522
19,079,Hamilton,339.7404972915826,2.1654479075483417
19,069,Franklin,352.8208796705777,2.437869553749511
19,141,O'Brien,437.1422002295897,2.2755153479107157
19,167,Sioux,414.4055150615338,2.7084514844253063
19,005,Allamakee,306.0958024675876,7.101431456275548
19,189,Winnebago,373.5542213635725,2.4083644902952015
19,093,Ida,409.25089561704385,3.7007461814516813
19,029,Cass,380.7604373348105,4.409344014960119
19,083,Hardin,336.251867932387,3.2165814501796364
19,173,Taylor,362.79122834037514,4.198692022176813
19,145,Page,330.2755137597266,4.4572075537794165
19,035,Cherokee,411.2655459235699,2.85839810022466
19,071,Fremont,310.50018482268246,3.733622520258927
19,095,Iowa,248.91902930248125,3.797164663546501
19,023,Butler,303.87746993676944,3.4666917490441973
19,063,Emmet,395.42262172671417,2.020657515662035
19,047,Crawford,408.67482244014695,4.564215518891204
19,019,Buchanan,300.55671754288807,2.4427849875952115
19,143,Osceola,462.07660439527626,2.2867264126853515
19,073,Greene,329.7964016796608,2.611183612048851
19,087,Henry,211.84250667830784,2.740167061743896
19,119,Lyon,429.3561484003268,2.949938233590863
19,003,Adams,370.6546335068859,5.255903689352286
19,133,Monona,351.02106652237677,4.481295557942018
19,091,Humboldt,344.1052955710494,2.0180430775434486
19,115,Louisa,194.7868292601577,2.5352411999888105
19,171,Tama,285.3405689799708,3.5861560011230837
19,135,Monroe,270.51015259169355,5.168678005549001
19,117,Lucas,298.0266209542473,5.054372199528497
19,057,Des Moines,205.9947906024673,2.6376225992895765
19,011,Benton,267.92633734950647,3.1743347340593924
19,113,Linn,259.79770652661387,3.357976534824042
19,105,Jones,268.29495784770336,3.609153032799477
19,103,Johnson,225.8704322851691,3.4205915352444305
19,183,Washington,221.39688535858014,3.048021119712151
19,045,Clinton,219.83230826562922,2.827902307272892
19,163,Scott,216.19496929801062,2.5311330234191014
19,139,Muscatine,204.29336313751955,2.6944521978880047
19,169,Story,308.07062961502146,3.0406437317480033
19,015,Boone,322.0265223889219,3.7483324955779715
19,121,Madison,324.83185610466745,5.4575610152364495
19,181,Warren,275.0638861348556,5.213174471391805
19,049,Dallas,302.63789921394255,4.913330027115376
19,153,Polk,274.8907219139002,5.017824976238002
19,077,Guthrie,363.32794037401,4.682106202727207
19,099,Jasper,271.4528653601906,3.7356675784831745
31,043,Dakota,373.76396817984136,4.18585231938018
31,051,Dixon,427.9646806842704,4.437738393318775
31,053,Dodge,393.76165867935106,2.7124858725163286
31,025,Cass,356.81582245545474,3.3499171760860498
31,055,Douglas,351.55050974894783,3.942413834039609
31,153,Sarpy,338.30283326559476,3.6856356712084306
31,155,Saunders,391.0107650131983,2.9361973021714567
31,177,Washington,363.59093630636596,4.0437636340761856
31,067,Gage,415.2539797441667,2.8524457551291036
31,109,Lancaster,393.3421797166844,3.105353025077546
31,159,Seward,457.75196415682103,2.9682325295235352
31,139,Pierce,519.7841706688987,2.90209876678535
31,119,Madison,517.5436196403227,2.9166861586765647
31,167,Stanton,485.25864683070995,3.5514724316453945
31,117,McPherson,1011.4551790758837,3.228840591251064
31,111,Lincoln,909.2905606556096,3.1856781291699465
31,113,Logan,907.9479371659345,3.3681342466596815
31,007,Banner,1416.5098163670818,3.5471758827237627
31,157,Scotts Bluff,1261.8075474614727,2.951918815426219
31,165,Sioux,1354.4660024898883,3.7022426496115326
31,039,Cuming,434.9050877141806,2.9686877841474693
31,129,Nuckolls,524.1745995961411,2.4767735482164768
31,101,Keith,1025.6552742661543,2.88595353667232
31,137,Phelps,712.1192349189579,2.114316478230007
31,181,Webster,574.2197198920175,2.980316540397921
31,015,Boyd,527.4047754629488,3.9228711868838033
31,171,Thomas,905.366991727838,3.8617587140742784
31,089,Holt,619.8026868123022,2.257376095133818
31,017,Brown,787.4917074711592,3.0654446071668944
31,103,Keya Paha,691.2126653851192,3.429339575581123
31,077,Greeley,625.3296611510202,4.032635330777342
31,095,Jefferson,436.12882069661936,2.9024276415249517
31,151,Saline,446.60903242604235,2.8871819524900655
31,057,Dundy,1006.9438512524792,2.6713849613708684
31,131,Otoe,350.13103947147744,3.1514244038155645
31,087,Hitchcock,876.0787388257089,3.3453190477727692
31,105,Kimball,1501.9297338633576,2.399074871400863
31,127,Nemaha,321.7032639118484,3.4178552779153284
31,041,Custer,797.9160732561785,3.946868083952912
31,143,Polk,498.51993374114767,2.1310524555177
31,045,Dawes,1165.1159535230663,3.61899845198418
31,179,Wayne,487.07069849530797,3.621461510139685
31,071,Garfield,694.06236057939,2.8416176090909175
31,013,Box Butte,1271.7792775976031,2.1440850404317073
31,173,Thurston,407.67341456401186,4.339186645294624
31,011,Boone,580.1546624420881,3.6015304908551835
31,145,Red Willow,783.5969502254202,3.2309748461390027
31,149,Rock,725.7071017348171,2.574382427746245
31,005,Arthur,1118.8755085331252,3.9187300180094513
31,085,Hayes,922.5028304658534,3.6551739818788724
31,097,Johnson,376.33683244155884,3.143984470296798
31,003,Antelope,568.241903255005,2.796866990795139
31,163,Sherman,659.8219660771459,3.696279807427799
31,161,Sheridan,1163.3375952217916,3.4457805516791256
31,133,Pawnee,390.54291042934557,3.9898565326131945
31,075,Grant,1148.0779614293795,4.478819507719006
31,021,Burt,370.6606433023929,3.6224918304788334
31,009,Blaine,804.2732539226283,3.0766646453026603
31,027,Cedar,452.615313317307,3.784502115992356
31,169,Thayer,475.39293249082345,2.4912173823758463
31,049,Deuel,1138.6876280730369,2.0188616911044126
31,123,Morrill,1219.3885748512469,3.3832758536036134
31,115,Loup,736.7631154475722,3.150064415899923
31,063,Frontier,813.6012389124073,3.7962304577546524
31,125,Nance,530.5196694990694,3.27713472586966
31,107,Knox,488.0577408774051,3.888222586666879
31,135,Perkins,1034.0220915749067,2.2644369191869678
31,037,Colfax,453.3614259239902,2.7750169745847906
31,023,Butler,471.3228415192426,2.749023303568344
31,031,Cherry,971.1688869313022,3.424962482878374
31,183,Wheeler,639.9775270680716,3.073873964761551
31,061,Franklin,623.9386213964633,2.8995787336387138
31,029,Chase,1018.9116130557009,2.6407378070589282
31,059,Fillmore,496.43465477721617,2.2765826540636955
31,185,York,501.04382984025375,2.3928196530343797
31,035,Clay,540.2594264908173,2.0150837983120784
31,033,Cheyenne,1300.4125895244,2.367739952215004
31,069,Garden,1156.3801748434155,3.358587866635239
31,083,Harlan,654.8332131307021,2.848181744492091
31,091,Hooker,1029.7190387156115,4.005045146997942
31,147,Richardson,312.31766199874727,3.5224666507564484
31,065,Furnas,699.1325300272181,3.0056564115343796
31,175,Valley,670.8398376329765,3.9442345959244323
31,141,Platte,494.34944373174676,2.6150370537961707
31,121,Merrick,521.7572479709929,1.9787642575674536
31,079,Hall,590.3861400464166,1.8649788325727261
31,081,Hamilton,547.8042258639475,1.963373269994562
31,093,Howard,585.9828786584601,3.11253132145927
31,001,Adams,595.2258317104428,1.884939922179743
31,099,Kearney,655.7146498156336,1.992100330717453
31,019,Buffalo,667.907569366161,2.871371310168648
31,073,Gosper,752.7984466535428,3.4065737246309307
31,047,Dawson,772.663168979444,3.2745891953801767
37,037,Chatham,136.86156624824042,3.856899316488537
37,115,Madison,825.0293894472284,17.721467147979006
37,087,Haywood,1104.0125849305377,18.470307882344734
37,021,Buncombe,828.4822005530156,14.005959295025027
37,089,Henderson,749.302548918927,10.839132419447797
37,175,Transylvania,881.2140773921813,13.442850354218585
37,167,Stanly,162.00154354170647,4.571320370214021
37,109,Lincoln,271.0308721797004,3.8736877804413345
37,159,Rowan,230.32220238060782,4.183425625101967
37,025,Cabarrus,201.4984434071998,4.399555372324534
37,097,Iredell,274.08331818087566,4.39960703515044
37,071,Gaston,240.35994566698946,4.096393440919921
37,179,Union,175.95213129629315,3.5322526475519362
37,119,Mecklenburg,216.681190533458,3.8536188216044445
37,045,Cleveland,278.273584446805,4.430280152350654
37,005,Alleghany,875.510670879635,10.808630625395132
37,173,Swain,987.2587425384048,19.794353545198927
37,011,Avery,1097.3326113121932,14.658206337488632
37,033,Caswell,180.6965430213001,4.696848823464884
37,075,Graham,867.4599867855569,18.438722550705652
37,007,Anson,105.47506425623362,4.776185002291411
37,149,Polk,380.3248424909707,9.414537985716693
37,039,Cherokee,652.31402141331,13.75751982778098
37,113,Macon,952.4118086554618,16.326434863742804
37,009,Ashe,981.4883881625369,14.236967281217883
37,123,Montgomery,161.85691631708062,5.279252139528596
37,043,Clay,832.9855132830712,15.485002236104423
37,121,Mitchell,986.7607137707842,16.641844218632702
37,199,Yancey,1033.264136155762,18.205534249484668
37,189,Watauga,1018.9777838932048,14.869055139271062
37,099,Jackson,1042.0370278236078,17.291389934841146
37,161,Rutherford,347.7381968367515,8.212083659444387
37,193,Wilkes,459.00813383201756,10.35478240146977
37,125,Moore,131.6379390583471,3.7745009664136018
37,153,Richmond,106.54910366227789,4.404287999384991
37,093,Hoke,88.23464915921151,3.0393005451811663
37,165,Scotland,80.65635191505397,3.3544749304452295
37,155,Robeson,45.00352281596538,4.125533554098559
37,001,Alamance,189.77228578531762,3.8520804723183106
37,151,Randolph,199.13854200195152,4.610634402639869
37,081,Guilford,242.33537595933322,3.8826207838421447
37,157,Rockingham,222.55297622116632,4.726092769304362
37,171,Surry,375.7086679769642,6.668519240592097
37,057,Davidson,231.33918574953987,4.692212686871239
37,169,Stokes,298.6174872295876,6.103969010018667
37,067,Forsyth,264.0899920150104,4.561353070327411
37,197,Yadkin,293.3831808350419,4.805882120476394
37,059,Davie,236.21787738354115,4.172846120134592
37,027,Caldwell,467.2813573187613,11.032631902376027
37,003,Alexander,366.29426507907596,6.988640512745795
37,035,Catawba,296.1467537813048,4.383954865943358
37,023,Burke,459.13607737849867,9.196121126510747
37,111,McDowell,572.4751024138245,13.028367451164433
37,029,Camden,7.519763981543293,2.276979841021071
37,139,Pasquotank,5.872060718721997,2.4360819316602256
37,143,Perquimans,7.355548656158731,2.4352520442122065
37,177,Tyrrell,4.688848439868504,1.7450698921978072
37,055,Dare,1.7599260284097222,0.6292257933237959
37,073,Gates,17.246361510613458,4.010364204866348
37,053,Currituck,2.5374566058616095,1.1933890160249518
37,019,Brunswick,9.322069393845759,2.3364096387422753
37,031,Carteret,2.086131183318118,0.8748156777634867
37,137,Pamlico,4.504691351749323,1.4251456696248834
37,049,Craven,10.846056322673029,2.5006183618797184
37,103,Jones,15.488591921380046,2.939510318557481
37,085,Harnett,78.41526637519294,3.3391765715930086
37,063,Durham,118.46849612560092,4.115199102323307
37,145,Person,173.55828901517222,4.271419180668918
37,135,Orange,182.54369427348146,4.344204771381223
37,181,Vance,122.06686538376688,3.7176726305914323
37,077,Granville,134.20292387057887,3.87393935843392
37,069,Franklin,97.98010676394031,3.5636235739044775
37,101,Johnston,61.487764585667534,3.7017675958658423
37,183,Wake,104.29597822532578,3.774488189296056
37,105,Lee,104.6977381649428,3.699916164405883
37,131,Northampton,34.66792300921543,3.4593243678126213
37,083,Halifax,47.366650827702394,2.9502033944145887
37,127,Nash,60.91960928101096,3.6242200840946732
37,065,Edgecombe,27.649597982331766,2.639073124404707
37,195,Wilson,42.28065753438605,4.111208230704533
37,163,Sampson,42.189760134866496,3.4428122979978024
37,185,Warren,97.24815255001889,3.273167059756231
37,187,Washington,6.871189887355291,2.138968098008334
37,061,Duplin,30.33809692177429,3.089626592289993
37,091,Hertford,19.499667367769234,3.73488035551348
37,017,Bladen,26.88860669948743,2.912449808407329
37,095,Hyde,2.4819725304292657,0.9928552486499027
37,015,Bertie,18.11386506660493,3.3063690203477485
37,079,Greene,25.022307194753235,4.32783554022679
37,041,Chowan,8.835019152266154,2.5472344189966347
37,117,Martin,19.743849293529,2.963640290215211
37,047,Columbus,19.91338987247632,4.026875165292821
37,191,Wayne,38.78413402466046,3.9205636165732547
37,133,Onslow,11.862957286792735,2.3402680991954616
37,107,Lenoir,24.654390734532612,3.957721946972333
37,129,New Hanover,4.025568519814687,1.5750334365180654
37,141,Pender,10.785761394621867,2.3255854874242203
37,051,Cumberland,47.69781718401061,3.250125538549056
37,147,Pitt,17.98488345553399,2.631447463737646
37,013,Beaufort,10.255931713054133,2.3178499553267287
